program	description	title	author	real_name	source_url	kind	section	tags	collection	series
action/afrikanskoe-safari.txt	action/afrikanskoe-safari.md	Африканское сафари	В. Кононов		А. Б. Бойко, Игры с микрокалькулятором, Математика, кибернетика, 1987, № 11	game	action			
action/alaram.txt	action/alaram.md	Alaram	Сергей Шинкевич	Евгений Кузниченко	https://lordbss.narod.ru/pmk210.html	game	action	classic	lordbss	
action/american-ninja.txt	action/american-ninja.md	American Ninja	Евгений Кузниченко	Евгений Кузниченко	https://lordbss.narod.ru/pmk100.html	game	action	classic	lordbss	
action/ataka.txt	action/ataka.md	ataka	В. Ю. Солдатов		https://lordbss.narod.ru/pmk159.html	game	action	classic;military	lordbss	
action/bomber-video.txt	action/bomber-video.md	bomber-video	Сергей Чурсанов	Евгений Кузниченко	https://lordbss.narod.ru/pmk218.html	game	action	classic	lordbss	
action/boy-v-tumane-kibernetika-1986.txt	action/boy-v-tumane-kibernetika-1986.md	Бой в тумане	коллектив авторов		Кибернетика. Микрокалькуляторы в играх и задачах, 1986, с. 116	game	action	book;classic;military	kibernetika-1986	
action/chase-h-q.txt	action/chase-h-q.md	Chase H.Q.	Константин Сергеев	Евгений Кузниченко	https://lordbss.narod.ru/pmk83.html	game	action	classic	lordbss	
action/chronos.txt	action/chronos.md	Chronos	Сергей Чурсанов	Евгений Кузниченко	https://lordbss.narod.ru/pmk137.html	game	action	classic	lordbss	
action/chuzhie.txt	action/chuzhie.md	chuzhie	Сергей Устюгов	Евгений Кузниченко	https://lordbss.narod.ru/pmk18.html	game	action	classic;horror	lordbss	
action/cowboy.txt	action/cowboy.md	Cowboy	Евгений Кузниченко	Евгений Кузниченко	https://lordbss.narod.ru/pmk37.html	game	action	classic;military;western	lordbss	
action/diversant-dolgushin-notebook.txt	action/diversant-dolgushin-notebook.md	Диверсант	Александр Долгушин		https://vk.com/wall-115251268_97; тетрадь Александра Долгушина "Мои игры МК-61", Рисунок (27).jpg; Рисунок (28).jpg; Рисунок (97).jpg: указание авторства	game	action	manuscript;military	dolgushin-notebook	
action/diversant.txt	action/diversant.md	diversant	Сергей Устюгов	Евгений Кузниченко	https://lordbss.narod.ru/pmk55.html	game	action	classic;military	lordbss	
action/duel-pchely-s-ovodom-romanovsky-1989.txt	action/duel-pchely-s-ovodom-romanovsky-1989.md	Дуэль пчелы с оводом	Т. Б. Романовский		Т. Б. Романовский, Микрокалькуляторы в рассказах и играх, Киев: Радянська школа, 1989, с. 213-215	game	action	book;classic	romanovsky-1989	
action/dzheyms-bond-agent-007-2.txt	action/dzheyms-bond-agent-007-2.md	dzheyms bond - agent 007 - 2	Евгений Кузниченко	Евгений Кузниченко	https://lordbss.narod.ru/pmk82.html	game	action	classic	lordbss	
action/dzheyms-bond-agent-007.txt	action/dzheyms-bond-agent-007.md	dzheyms bond - agent 007	Евгений Кузниченко	Евгений Кузниченко	https://lordbss.narod.ru/pmk81.html	game	action	classic	lordbss	
action/f-19.txt	action/f-19.md	F-19	А. Беликов		https://lordbss.narod.ru/pmk219.html	game	action	aviation;classic	lordbss	
action/galakticheskie-piraty.txt	action/galakticheskie-piraty.md	galakticheskie piraty	Евгений Кузниченко	Евгений Кузниченко	https://lordbss.narod.ru/pmk112.html	game	action	classic;space	lordbss	
action/galakticheskiy-patrul.txt	action/galakticheskiy-patrul.md	galakticheskiy patrul	Евгений Кузниченко	Евгений Кузниченко	https://lordbss.narod.ru/pmk113.html	game	action	classic;space	lordbss	
action/gangstery.txt	action/gangstery.md	gangstery	С. И. Пономарёв		https://lordbss.narod.ru/pmk96.html	game	action	classic	lordbss	
action/hogans-alley-dolgushin-notebook.txt	action/hogans-alley-dolgushin-notebook.md	HOGAN'S ALLEY	Александр Долгушин		https://vk.com/wall-115251268_97; тетрадь Александра Долгушина "Мои игры МК-61", Рисунок (59).jpg; Рисунок (60).jpg; Рисунок (97).jpg: указание авторства	game	action	manuscript	dolgushin-notebook	
action/kapral.txt	action/kapral.md	kapral	Сергей Устюгов	Евгений Кузниченко	https://lordbss.narod.ru/pmk78.html	game	action	classic	lordbss	
action/katapulta-gaishtut-1988.txt	action/katapulta-gaishtut-1988.md	Катапульта			А. Г. Гайштут, Калькулятор - твой помощник и соперник в играх, 1988, с. 189.	game	action	book;classic	gaishtut-1988	
action/kiber-ubiytsa.txt	action/kiber-ubiytsa.md	kiber-ubiytsa	Сергей Чурсанов	Евгений Кузниченко	https://lordbss.narod.ru/pmk16.html	game	action	classic	lordbss	
action/klingi-2.txt	action/klingi-2.md	klingi-2	Сергей Чурсанов	Евгений Кузниченко	https://lordbss.narod.ru/pmk42.html	game	action	classic	lordbss	klingi
action/klingi-2m2.txt	action/klingi-2m2.md	klingi-2m2	Александр Михолап	Евгений Кузниченко	https://lordbss.narod.ru/pmk43.html	game	action	classic	lordbss	klingi
action/klingi.txt	action/klingi.md	klingi	Сергей Чурсанов	Евгений Кузниченко	https://lordbss.narod.ru/pmk41.html	game	action	classic	lordbss	klingi
action/komandos-2.txt	action/komandos-2.md	komandos-2	Владимир Трофимчук	Евгений Кузниченко	https://lordbss.narod.ru/pmk90.html	game	action	classic;military	lordbss	
action/komandos.txt	action/komandos.md	komandos	Владимир Трофимчук	Евгений Кузниченко	https://lordbss.narod.ru/pmk80.html	game	action	classic;military	lordbss	
action/komissar-politsii.txt	action/komissar-politsii.md	komissar politsii	А. Щекалев		https://lordbss.narod.ru/pmk14.html	game	action	classic	lordbss	
action/kosmicheskiy-desant.txt	action/kosmicheskiy-desant.md	kosmicheskiy desant	М. Голиков		https://lordbss.narod.ru/pmk216.html	game	action	classic;military;space	lordbss	
action/kosmopol.txt	action/kosmopol.md	kosmopol	Александр Михолап	Евгений Кузниченко	https://lordbss.narod.ru/pmk07.html	game	action	classic;space	lordbss	
action/kung-fu.txt	action/kung-fu.md	Kung-Fu	Константин Сергеев	Евгений Кузниченко	https://lordbss.narod.ru/pmk120.html	game	action	classic	lordbss	
action/mafiozi.txt	action/mafiozi.md	mafiozi	А. Камоедов		https://lordbss.narod.ru/pmk04.html	game	action	classic	lordbss	
action/myatezhnik.txt	action/myatezhnik.md	myatezhnik	Сергей Шинкевич	Евгений Кузниченко	https://lordbss.narod.ru/pmk238.html	game	action	classic	lordbss	
action/navesnaya-strelba-dolgushin-notebook.txt	action/navesnaya-strelba-dolgushin-notebook.md	Навесная стрельба	автор неизвестен; редакция Александра Долгушина		https://vk.com/wall-115251268_97; тетрадь Александра Долгушина "Мои игры МК-61", Рисунок (26).jpg; Рисунок (27).jpg; Рисунок (97).jpg: указание редакции	game	action	manuscript	dolgushin-notebook	
action/nindzya-terminator.txt	action/nindzya-terminator.md	nindzya-terminator	Владимир Трофимчук	Евгений Кузниченко	https://lordbss.narod.ru/pmk15.html	game	action	classic	lordbss	
action/okhota-na-dinozavrov.txt	action/okhota-na-dinozavrov.md	okhota na dinozavrov	Владимир Трофимчук	Евгений Кузниченко	https://lordbss.narod.ru/pmk184.html	game	action	classic	lordbss	
action/okhota-na-medvedya-4pda.txt	action/okhota-na-medvedya-4pda.md	Охота на медведя, доработка 4PDA	Сергей Храмов; доработка 4PDA user 9123742		https://4pda.to/forum/index.php?showuser=9123742	game	action			
action/okhota-na-medvedya-variant.txt	action/okhota-na-medvedya-variant.md	Охота на медведя			https://xvadim.github.io/xbasoft/pmk/bear_hunt.zip	game	action	variant		
action/okhota-na-medvedya.txt	action/okhota-na-medvedya.md	Охота на медведя	Сергей Храмов		PDF "Охота на медведя", 2020	game	action			
action/okhota-na-skaloeda.txt	action/okhota-na-skaloeda.md	okhota na skaloeda	М. Пухов		https://lordbss.narod.ru/pmk185.html	game	action	classic	lordbss	
action/okhota-na-sklyupikov.txt	action/okhota-na-sklyupikov.md	okhota na sklyupikov	Александр Клишин	Евгений Кузниченко	https://lordbss.narod.ru/pmk183.html	game	action	classic	lordbss	
action/opasnaya-igra.txt	action/opasnaya-igra.md	opasnaya igra	Сергей Тарасов	Евгений Кузниченко	https://lordbss.narod.ru/pmk163.html; https://vk.com/wall-115251268_97; тетрадь Александра Долгушина "Мои игры МК-61", Рисунок (76).jpg; Рисунок (77).jpg	game	action	classic	lordbss	
action/peredovoy-otryad.txt	action/peredovoy-otryad.md	peredovoy otryad	П. Аронович		https://lordbss.narod.ru/pmk165.html	game	action	classic	lordbss	
action/perekhvat.txt	action/perekhvat.md	perekhvat	В. Масенков, Михаил Лялин		https://lordbss.narod.ru/pmk118.html	game	action	classic	lordbss	
action/perekhvatchik.txt	action/perekhvatchik.md	perekhvatchik	Сергей Чурсанов	Евгений Кузниченко	https://lordbss.narod.ru/pmk205.html	game	action	classic	lordbss	
action/pervoprokhodets.txt	action/pervoprokhodets.md	pervoprokhodets	Игорь Вершинин	Евгений Кузниченко	https://lordbss.narod.ru/pmk166.html	game	action	classic	lordbss	
action/planet-z.txt	action/planet-z.md	Planet Z	Сергей Устюгов	Евгений Кузниченко	https://lordbss.narod.ru/pmk103.html	game	action	classic	lordbss	
action/poedinok-na-orbite.txt	action/poedinok-na-orbite.md	poedinok na orbite	Игорь Вершинин	Евгений Кузниченко	https://lordbss.narod.ru/pmk217.html	game	action	classic;space	lordbss	
action/poedinok-s-tankom-gaishtut-1988.txt	action/poedinok-s-tankom-gaishtut-1988.md	Поединок с танком			А. Г. Гайштут, Калькулятор - твой помощник и соперник в играх, 1988, с. 123.	game	action	book;classic;military	gaishtut-1988	
action/poedinok.txt	action/poedinok.md	poedinok	Евгений Кузниченко	Евгений Кузниченко	https://lordbss.narod.ru/pmk70.html	game	action	classic	lordbss	
action/pogonya-v-lesu.txt	action/pogonya-v-lesu.md	pogonya v lesu	Александр Михолап	Евгений Кузниченко	https://lordbss.narod.ru/pmk187.html	game	action	classic	lordbss	
action/pogonya.txt	action/pogonya.md	pogonya	Сергей Шинкевич	Евгений Кузниченко	https://lordbss.narod.ru/pmk47.html	game	action	classic	lordbss	
action/policeman.txt	action/policeman.md	Policeman	Евгений Кузниченко	Евгений Кузниченко	https://lordbss.narod.ru/pmk99.html	game	action	classic	lordbss	
action/pursuit.txt	action/pursuit.md	Pursuit	Сергей Чурсанов	Евгений Кузниченко	https://lordbss.narod.ru/pmk130.html	game	action	classic	lordbss	
action/rambo-i.txt	action/rambo-i.md	Rambo-I	Евгений Кузниченко	Евгений Кузниченко	https://lordbss.narod.ru/pmk51.html	game	action	classic;military	lordbss	rambo
action/rambo-ii.txt	action/rambo-ii.md	Rambo-II	Евгений Кузниченко	Евгений Кузниченко	https://lordbss.narod.ru/pmk52.html	game	action	classic;military	lordbss	rambo
action/rambo-iii.txt	action/rambo-iii.md	Rambo-III	Евгений Кузниченко	Евгений Кузниченко	https://lordbss.narod.ru/pmk53.html	game	action	classic;military	lordbss	rambo
action/robin-hood.txt	action/robin-hood.md	Robin Hood	С. Андрианов		https://lordbss.narod.ru/pmk45.html	game	action	classic	lordbss	
action/roboteks.txt	action/roboteks.md	roboteks	Владимир Трофимчук	Евгений Кузниченко	https://lordbss.narod.ru/pmk225.html	game	action	classic	lordbss	
action/rukopashnyy-boy.txt	action/rukopashnyy-boy.md	rukopashnyy boy	Евгений Кузниченко	Евгений Кузниченко	https://lordbss.narod.ru/pmk60.html	game	action	classic;military	lordbss	
action/samurai-dolgushin-notebook.txt	action/samurai-dolgushin-notebook.md	Самурай	Александр Долгушин		https://vk.com/wall-115251268_97; тетрадь Александра Долгушина "Мои игры МК-61", программа 42; https://vk.com/wall-115251268_31; Рисунок (97).jpg: указание авторства	game	action	manuscript	dolgushin-notebook	
action/sherif.txt	action/sherif.md	sherif	автор неизвестен	Евгений Кузниченко	https://lordbss.narod.ru/pmk24.html	game	action	classic;western	lordbss	
action/shturmovik.txt	action/shturmovik.md	shturmovik	Сергей Чурсанов	Евгений Кузниченко	https://lordbss.narod.ru/pmk204.html	game	action	aviation;classic;military	lordbss	
action/skorpion.txt	action/skorpion.md	skorpion	Олег Хажинский	Евгений Кузниченко	https://lordbss.narod.ru/pmk241.html	game	action	classic	lordbss	
action/smertelnaya-igra.txt	action/smertelnaya-igra.md	Смертельная игра	Сергей Тарасов		http://arbinada.ddns.net/pmk-files/magazines/%D0%98%D0%BD%D1%84%D0%BE%D1%80%D0%BC%D0%B0%D1%82%D0%B8%D0%BA%D0%B0%20%D0%B8%20%D0%BE%D0%B1%D1%80%D0%B0%D0%B7%D0%BE%D0%B2%D0%B0%D0%BD%D0%B8%D0%B5%201989-1992%20%D0%9F%D0%9C%D0%9A.zip	game	action			
action/soldat-udachi-2.txt	action/soldat-udachi-2.md	soldat udachi-2	Дмитрий Родионов	Евгений Кузниченко	https://lordbss.narod.ru/pmk136.html	game	action	classic;military	lordbss	
action/soldier-of-fortune.txt	action/soldier-of-fortune.md	Soldier Of Fortune	Евгений Кузниченко	Евгений Кузниченко	https://lordbss.narod.ru/pmk107.html	game	action	classic	lordbss	
action/space-ranger-dolgushin-notebook.txt	action/space-ranger-dolgushin-notebook.md	SPACE RANGER	Александр Долгушин		https://vk.com/wall-115251268_97; тетрадь Александра Долгушина "Мои игры МК-61", Рисунок (38).jpg; Рисунок (39).jpg; Рисунок (40).jpg; Рисунок (97).jpg: указание авторства	game	action	manuscript	dolgushin-notebook	
action/stinger.txt	action/stinger.md	stinger	Сергей Чурсанов	Евгений Кузниченко	https://lordbss.narod.ru/pmk209.html	game	action	classic;military	lordbss	
action/super-pushka.txt	action/super-pushka.md	super-pushka	автор неизвестен	Евгений Кузниченко	https://lordbss.narod.ru/pmk246.html	game	action	classic;military	lordbss	
action/the-last-sapper-of-the-galaxy.txt	action/the-last-sapper-of-the-galaxy.md	The Last Sapper Of The Galaxy	Евгений Кузниченко	Евгений Кузниченко	https://lordbss.narod.ru/pmk111.html	game	action	classic	lordbss	
action/tir-2.txt	action/tir-2.md	tir-2	Сергей Тарасов, Александр Клишин		https://lordbss.narod.ru/pmk232.html	game	action	classic	lordbss	
action/tir.txt	action/tir.md	tir	Сергей Тарасов, Александр Клишин		https://lordbss.narod.ru/pmk231.html	game	action	classic	lordbss	
action/tsel-begushchiy-kaban-gaishtut-1988.txt	action/tsel-begushchiy-kaban-gaishtut-1988.md	Цель - "Бегущий кабан"			А. Г. Гайштут, Калькулятор - твой помощник и соперник в играх, 1988, с. 171.	game	action	book;classic	gaishtut-1988	
action/uchebnye-strelby-gaishtut-1988.txt	action/uchebnye-strelby-gaishtut-1988.md	Учебные стрельбы			А. Г. Гайштут, Калькулятор - твой помощник и соперник в играх, 1988, с. 182.	game	action	book;classic	gaishtut-1988	
action/vozdushnyy-boy.txt	action/vozdushnyy-boy.md	vozdushnyy boy	М. Семёнов		https://lordbss.narod.ru/pmk214.html	game	action	aviation;classic;military	lordbss	
action/vozdushnyy-desant.txt	action/vozdushnyy-desant.md	vozdushnyy desant	Сергей Шинкевич	Евгений Кузниченко	https://lordbss.narod.ru/pmk207.html	game	action	aviation;classic;military	lordbss	
action/western.txt	action/western.md	Western	Константин Сергеев	Евгений Кузниченко	https://lordbss.narod.ru/pmk06.html	game	action	classic;western	lordbss	
action/zakhvat.txt	action/zakhvat.md	zakhvat	А. Пирожков		https://lordbss.narod.ru/pmk101.html	game	action	classic	lordbss	
action/zvyozdnyy-boets-2.txt	action/zvyozdnyy-boets-2.md	zvyozdnyy boets-2	Сергей Чурсанов	Евгений Кузниченко	https://lordbss.narod.ru/pmk32.html	game	action	classic;space	lordbss	star-fighter
action/zvyozdnyy-boets-3.txt	action/zvyozdnyy-boets-3.md	zvyozdnyy boets-3	Сергей Устюгов	Евгений Кузниченко	https://lordbss.narod.ru/pmk33.html	game	action	classic;space	lordbss	star-fighter
action/zvyozdnyy-boets-4.txt	action/zvyozdnyy-boets-4.md	zvyozdnyy boets-4	Сергей Устюгов	Евгений Кузниченко	https://lordbss.narod.ru/pmk34.html	game	action	classic;space	lordbss	star-fighter
action/zvyozdnyy-boets.txt	action/zvyozdnyy-boets.md	zvyozdnyy boets	Сергей Чурсанов	Евгений Кузниченко	https://lordbss.narod.ru/pmk09.html	game	action	classic;space	lordbss	star-fighter
action/zvyozdnyy-pokhod.txt	action/zvyozdnyy-pokhod.md	zvyozdnyy pokhod	А. Лотохов		https://lordbss.narod.ru/pmk119.html	game	action	classic;space	lordbss	
adventure/avantyurist.txt	adventure/avantyurist.md	avantyurist	автор неизвестен	Евгений Кузниченко	https://lordbss.narod.ru/pmk145.html	game	adventure	classic	lordbss	
adventure/beskonechnaya-istoriya-variant.txt	adventure/beskonechnaya-istoriya-variant.md	Бесконечная история			https://xvadim.github.io/xbasoft/pmk/infinity_story.zip	game	adventure	variant		
adventure/beskonechnaya-istoriya.txt	adventure/beskonechnaya-istoriya.md	Beskonechnaya istoriya	Владимир Талалаев, Владимир Шило		https://fantlab.ru/edition387762	game	adventure	classic;magazine	tekhnika-molodezhi	
adventure/black-lord.txt	adventure/black-lord.md	Black Lord	Евгений Кузниченко	Евгений Кузниченко	https://lordbss.narod.ru/pmk67.html	game	adventure	classic;fantasy	lordbss	
adventure/brodyaga-vselennoy-2.txt	adventure/brodyaga-vselennoy-2.md	brodyaga vselennoy-2	А. Пирожков		https://lordbss.narod.ru/pmk116.html	game	adventure	classic	lordbss	universe-wanderer
adventure/brodyaga-vselennoy-3.txt	adventure/brodyaga-vselennoy-3.md	brodyaga vselennoy-3	А. Пирожков		https://lordbss.narod.ru/pmk117.html	game	adventure	classic	lordbss	universe-wanderer
adventure/brodyaga.txt	adventure/brodyaga.md	brodyaga	Михаил Храмов	Евгений Кузниченко	https://lordbss.narod.ru/pmk28.html	game	adventure	classic	lordbss	
adventure/cave.txt	adventure/cave.md	Cave	illi4		https://habr.com/ru/articles/125484/	game	adventure			
adventure/colis-secret-base-dolgushin-notebook-2.txt	adventure/colis-secret-base-dolgushin-notebook-2.md	COLiS: SECRET BASE	Александр Долгушин		https://vk.com/wall-115251268_126; ручная перепечатка пользователя из второй тетради Александра Долгушина "Мои игры МК-61", программа 61	game	adventure	manuscript	dolgushin-notebook	
adventure/dolina.txt	adventure/dolina.md	dolina	А. Н. Гришин, Владимир Трофимчук		https://lordbss.narod.ru/pmk223.html	game	adventure	classic	lordbss	
adventure/dracula-dolgushin-notebook.txt	adventure/dracula-dolgushin-notebook.md	DRACULA	Александр Долгушин		https://vk.com/wall-115251268_97; тетрадь Александра Долгушина "Мои игры МК-61", Рисунок (84).jpg; Рисунок (85).jpg; Рисунок (86).jpg; Рисунок (97).jpg: указание авторства	game	adventure	horror;manuscript	dolgushin-notebook	
adventure/dungeon.txt	adventure/dungeon.md	Dungeon	С. Андрианов		https://lordbss.narod.ru/pmk164.html	game	adventure	classic	lordbss	
adventure/dzhoy.txt	adventure/dzhoy.md	dzhoy	Владимир Молоканов, Владимир Трофимчук		https://lordbss.narod.ru/pmk75.html	game	adventure	classic	lordbss	
adventure/dzhungli-2.txt	adventure/dzhungli-2.md	dzhungli-2	Сергей Чурсанов	Евгений Кузниченко	https://lordbss.narod.ru/pmk182.html	game	adventure	classic	lordbss	jungle
adventure/dzhungli.txt	adventure/dzhungli.md	dzhungli	Сергей Чурсанов	Евгений Кузниченко	https://lordbss.narod.ru/pmk181.html	game	adventure	classic	lordbss	jungle
adventure/elfy.txt	adventure/elfy.md	elfy	Владимир Трофимчук	Евгений Кузниченко	https://lordbss.narod.ru/pmk64.html	game	adventure	classic;fantasy	lordbss	
adventure/encircled-with-fantoms.txt	adventure/encircled-with-fantoms.md	Encircled With Fantoms	Сергей Устюгов	Евгений Кузниченко	https://lordbss.narod.ru/pmk02.html	game	adventure	classic	lordbss	
adventure/fantastika.txt	adventure/fantastika.md	fantastika	Владимир Трофимчук	Евгений Кузниченко	https://lordbss.narod.ru/pmk102.html	game	adventure	classic;fantasy	lordbss	
adventure/for-kicks-i.txt	adventure/for-kicks-i.md	For Kicks-I	Евгений Кузниченко	Евгений Кузниченко	https://lordbss.narod.ru/pmk91.html	game	adventure	classic	lordbss	for-kicks
adventure/for-kicks-ii.txt	adventure/for-kicks-ii.md	For Kicks-II	Евгений Кузниченко	Евгений Кузниченко	https://lordbss.narod.ru/pmk92.html	game	adventure	classic	lordbss	for-kicks
adventure/for-kicks-iii.txt	adventure/for-kicks-iii.md	For Kicks-III	Евгений Кузниченко	Евгений Кузниченко	https://lordbss.narod.ru/pmk93.html	game	adventure	classic	lordbss	for-kicks
adventure/freddi-kryuger.txt	adventure/freddi-kryuger.md	freddi kryuger	Владимир Трофимчук	Евгений Кузниченко	https://lordbss.narod.ru/pmk27.html	game	adventure	classic;horror	lordbss	
adventure/giants-country.txt	adventure/giants-country.md	Giants Country	Владимир Трофимчук	Евгений Кузниченко	https://lordbss.narod.ru/pmk198.html	game	adventure	classic	lordbss	
adventure/indiana-jones-i-dolgushin-notebook.txt	adventure/indiana-jones-i-dolgushin-notebook.md	INDIANA JONES I	Александр Долгушин		https://vk.com/wall-115251268_97; тетрадь Александра Долгушина "Мои игры МК-61", Рисунок (69).jpg; Рисунок (70).jpg; Рисунок (71).jpg; Рисунок (97).jpg: указание авторства	game	adventure	manuscript	dolgushin-notebook	
adventure/klad-2.txt	adventure/klad-2.md	Клад			https://xvadim.github.io/xbasoft/pmk/klad-2.zip	game	adventure			
adventure/kladoiskatel.txt	adventure/kladoiskatel.md	kladoiskatel	Сергей Чурсанов, Владимир Трофимчук	Евгений Кузниченко	https://lordbss.narod.ru/pmk190.html	game	adventure	classic	lordbss	
adventure/korotkoe-zamykanie.txt	adventure/korotkoe-zamykanie.md	korotkoe zamykanie	Анатолий Кондратьев	Евгений Кузниченко	https://lordbss.narod.ru/pmk05.html	game	adventure	classic	lordbss	
adventure/kosmicheskaya-odisseya.txt	adventure/kosmicheskaya-odisseya.md	kosmicheskaya odisseya	Сергей Чурсанов	Евгений Кузниченко	https://lordbss.narod.ru/pmk25.html	game	adventure	classic;space	lordbss	
adventure/kubok-klarensa.txt	adventure/kubok-klarensa.md	kubok klarensa	Сергей Шкуратов	Евгений Кузниченко	https://lordbss.narod.ru/pmk97.html	game	adventure	classic	lordbss	
adventure/labirint-8-13.txt	adventure/labirint-8-13.md	labirint 8*13	А. Н. Гришин		https://lordbss.narod.ru/pmk221.html	game	adventure	classic	lordbss	
adventure/labirint.txt	adventure/labirint.md	labirint	С. Гета		https://lordbss.narod.ru/pmk220.html	game	adventure	classic	lordbss	
adventure/labyrinth777.txt	adventure/labyrinth777.md	Лабиринт777			https://sergeanvarov.github.io/russian/mk61/games/%D0%BB%D0%B0%D0%B1%D0%B8%D1%80%D0%B8%D0%BD%D1%82777/%D0%BB%D0%B0%D0%B1%D0%B8%D1%80%D0%B8%D0%BD%D1%82777.html	game	adventure		anvarov	
adventure/lamer-andrew-meets-america.txt	adventure/lamer-andrew-meets-america.md	Lamer Andrew Meets America	illi4		https://habr.com/ru/articles/125484/	game	adventure			
adventure/m-skiy-treugolnik.txt	adventure/m-skiy-treugolnik.md	m-skiy treugolnik	Владимир Трофимчук	Евгений Кузниченко	https://lordbss.narod.ru/pmk68.html	game	adventure	classic	lordbss	
adventure/myortvaya-zona-i.txt	adventure/myortvaya-zona-i.md	myortvaya zona-I	Сергей Устюгов	Евгений Кузниченко	https://lordbss.narod.ru/pmk61.html	game	adventure	classic	lordbss	dead-zone
adventure/myortvaya-zona-ii.txt	adventure/myortvaya-zona-ii.md	myortvaya zona-II	Сергей Устюгов	Евгений Кузниченко	https://lordbss.narod.ru/pmk62.html	game	adventure	classic	lordbss	dead-zone
adventure/myortvaya-zona-iii.txt	adventure/myortvaya-zona-iii.md	myortvaya zona-III	Сергей Устюгов	Евгений Кузниченко	https://lordbss.narod.ru/pmk63.html	game	adventure	classic	lordbss	dead-zone
adventure/nekromant.txt	adventure/nekromant.md	nekromant			https://sergeanvarov.github.io/russian/mk61/games/%D0%BD%D0%B5%D0%BA%D1%80%D0%BE%D0%BC%D0%B0%D0%BD%D1%82/%D0%BD%D0%B5%D0%BA%D1%80%D0%BE%D0%BC%D0%B0%D0%BD%D1%82.html	game	adventure	fantasy	anvarov	
adventure/oborotni.txt	adventure/oborotni.md	oborotni	Сергей Устюгов	Евгений Кузниченко	https://lordbss.narod.ru/pmk46.html	game	adventure	classic;horror	lordbss	
adventure/oregon-2.txt	adventure/oregon-2.md	oregon-2	Иван, Василий	Евгений Кузниченко	https://lordbss.narod.ru/pmk142.html	game	adventure	classic	lordbss	
adventure/oregon.txt	adventure/oregon.md	oregon	Сергей Чурсанов	Евгений Кузниченко	https://lordbss.narod.ru/pmk141.html	game	adventure	classic	lordbss	
adventure/oregonskaya-tropa-dolgushin-notebook.txt	adventure/oregonskaya-tropa-dolgushin-notebook.md	Орегонская тропа	автор неизвестен; редакция Александра Долгушина		https://vk.com/wall-115251268_97; тетрадь Александра Долгушина "Мои игры МК-61", Рисунок (23).jpg; Рисунок (24).jpg; Рисунок (97).jpg: указание редакции	game	adventure	manuscript	dolgushin-notebook	
adventure/oregonskaya-tropa.txt	adventure/oregonskaya-tropa.md	oregonskaya tropa	автор неизвестен	Евгений Кузниченко	https://lordbss.narod.ru/pmk140.html	game	adventure	classic	lordbss	
adventure/ostrov.txt	adventure/ostrov.md	ostrov	Вадим Мазур	Евгений Кузниченко	https://lordbss.narod.ru/pmk79.html; https://vk.com/wall-115251268_97; тетрадь Александра Долгушина "Мои игры МК-61", страницы 9-10	game	adventure	classic	lordbss	
adventure/peshchera-dolgushin-notebook.txt	adventure/peshchera-dolgushin-notebook.md	Пещера	автор неизвестен		https://vk.com/wall-115251268_97; тетрадь Александра Долгушина "Мои игры МК-61", Рисунок (6).jpg; Рисунок (7).jpg; Рисунок (8).jpg	game	adventure	manuscript	dolgushin-notebook	
adventure/peshchera-syurprizov.txt	adventure/peshchera-syurprizov.md	peshchera syurprizov	Игорь Вершинин	Евгений Кузниченко	https://lordbss.narod.ru/pmk196.html	game	adventure	classic	lordbss	
adventure/pobeg-iz-sistemy-x.txt	adventure/pobeg-iz-sistemy-x.md	pobeg iz sistemy X	А. Лотохов		https://lordbss.narod.ru/pmk115.html	game	adventure	classic	lordbss	
adventure/polet-shmelya.txt	adventure/polet-shmelya.md	Полёт шмеля	В. Рябенький		Техника - молодёжи, 1988-03	game	adventure	aviation;classic;magazine	tekhnika-molodezhi	
adventure/priton.txt	adventure/priton.md	priton	Евгений Кузниченко	Евгений Кузниченко	https://lordbss.narod.ru/pmk147.html	game	adventure	classic	lordbss	
adventure/puteshestvie.txt	adventure/puteshestvie.md	puteshestvie	Владимир Трофимчук	Евгений Кузниченко	https://lordbss.narod.ru/pmk199.html	game	adventure	classic	lordbss	
adventure/raby-obmena-razumov.txt	adventure/raby-obmena-razumov.md	raby obmena razumov	Анатолий Кондратьев	Евгений Кузниченко	https://lordbss.narod.ru/pmk35.html	game	adventure	classic	lordbss	
adventure/raja-yoga.txt	adventure/raja-yoga.md	Раджа-йога			https://sergeanvarov.github.io/russian/mk61/games/%D1%80%D0%B0%D0%B4%D0%B6%D0%B0-%D0%B9%D0%BE%D0%B3%D0%B0/%D1%80%D0%B0%D0%B4%D0%B6%D0%B0-%D0%B9%D0%BE%D0%B3%D0%B0.html	game	adventure		anvarov	
adventure/rising-from-hell.txt	adventure/rising-from-hell.md	Rising From Hell	Дмитрий Родионов	Евгений Кузниченко	https://lordbss.narod.ru/pmk36.html	game	adventure	classic	lordbss	
adventure/rytsar.txt	adventure/rytsar.md	rytsar	Владимир Трофимчук	Евгений Кузниченко	https://lordbss.narod.ru/pmk195.html	game	adventure	classic;fantasy	lordbss	
adventure/sex-mission.txt	adventure/sex-mission.md	Sex-Mission	Евгений Кузниченко	Евгений Кузниченко	https://lordbss.narod.ru/pmk77.html	game	adventure	classic	lordbss	
adventure/skazka-lordbss.txt	adventure/skazka-lordbss.md	skazka	Владимир Трофимчук	Евгений Кузниченко	https://lordbss.narod.ru/pmk105.html	game	adventure	classic;fantasy	lordbss	
adventure/skazka.txt	adventure/skazka.md	skazka	Владимир Сивицкий	Евгений Кузниченко	https://lordbss.narod.ru/pmk69.html	game	adventure	classic;fantasy	lordbss	
adventure/sokrovishche.txt	adventure/sokrovishche.md	sokrovishche	Евгений Бредня	Евгений Кузниченко	https://lordbss.narod.ru/pmk167.html	game	adventure	classic	lordbss	
adventure/speleolog-dolgushin-notebook.txt	adventure/speleolog-dolgushin-notebook.md	SPELEOLOG	Александр Долгушин		https://vk.com/wall-115251268_97; тетрадь Александра Долгушина "Мои игры МК-61", Рисунок (54).jpg; Рисунок (55).jpg; Рисунок (97).jpg: указание авторства	game	adventure	manuscript	dolgushin-notebook	
adventure/speleolog.txt	adventure/speleolog.md	speleolog	Владимир Лазарев	Евгений Кузниченко	https://lordbss.narod.ru/pmk228.html	game	adventure	classic	lordbss	
adventure/sprut.txt	adventure/sprut.md	sprut	Владимир Сивицкий	Евгений Кузниченко	https://lordbss.narod.ru/pmk132.html	game	adventure	classic	lordbss	
adventure/stalker.txt	adventure/stalker.md	stalker	Владимир Трофимчук	Евгений Кузниченко	https://lordbss.narod.ru/pmk108.html	game	adventure	classic	lordbss	
adventure/strana-monstrov.txt	adventure/strana-monstrov.md	strana monstrov	Владимир Трофимчук	Евгений Кузниченко	https://lordbss.narod.ru/pmk197.html	game	adventure	classic;horror	lordbss	
adventure/swamp.txt	adventure/swamp.md	Swamp	Александр Михолап	Евгений Кузниченко	https://lordbss.narod.ru/pmk138.html	game	adventure	classic	lordbss	
adventure/tayny-okeana-3.txt	adventure/tayny-okeana-3.md	tayny okeana-3	Сергей Чурсанов	Евгений Кузниченко	https://lordbss.narod.ru/pmk133.html	game	adventure	classic;naval	lordbss	ocean-mysteries
adventure/tayny-okeana-4.txt	adventure/tayny-okeana-4.md	tayny okeana-4	Евгений Кузниченко	Евгений Кузниченко	https://lordbss.narod.ru/pmk134.html	game	adventure	classic;naval	lordbss	ocean-mysteries
adventure/tayny-okeana.txt	adventure/tayny-okeana.md	tayny okeana	Михаил Храмов	Евгений Кузниченко	https://lordbss.narod.ru/pmk131.html	game	adventure	classic;naval	lordbss	ocean-mysteries
adventure/teleport.txt	adventure/teleport.md	teleport			https://sergeanvarov.github.io/russian/mk61/games/%D1%82%D0%B5%D0%BB%D0%B5%D0%BF%D0%BE%D1%80%D1%82/%D1%82%D0%B5%D0%BB%D0%B5%D0%BF%D0%BE%D1%80%D1%82.html	game	adventure		anvarov	
adventure/terra-incognita-dolgushin-notebook.txt	adventure/terra-incognita-dolgushin-notebook.md	TERRA INCOGNITA	Александр Долгушин		https://vk.com/wall-115251268_97; тетрадь Александра Долгушина "Мои игры МК-61", Рисунок (56).jpg; Рисунок (57).jpg; Рисунок (97).jpg: указание авторства	game	adventure	manuscript	dolgushin-notebook	
adventure/the-goonmaster.txt	adventure/the-goonmaster.md	The Goonmaster	К. Бокач, А. Грубин		https://lordbss.narod.ru/pmk58.html	game	adventure	classic	lordbss	
adventure/the-land-of-psycho-lamers.txt	adventure/the-land-of-psycho-lamers.md	The Land of Psycho Lamers	illi4		https://mk61.narod.ru/game2.htm	game	adventure			
adventure/treasure-cave-demo.txt	adventure/treasure-cave-demo.md	Treasure Cave Demo	Serge Anvarov		https://sergeanvarov.github.io/russian/mk61/uf/demo.html	game	adventure		anvarov	
adventure/treasure-cave.txt	adventure/treasure-cave.md	Treasure Cave	Vasiliy Zakharenko		https://img-fotki.yandex.ru/get/44951/137106206.6d5/0_1d841d_dc897752_orig	game	adventure			
adventure/treasure-hunter-2.txt	adventure/treasure-hunter-2.md	Кладоискатель-2			https://sergeanvarov.github.io/russian/mk61/games/%D0%BA%D0%BB%D0%B0%D0%B4%D0%BE%D0%B8%D1%81%D0%BA%D0%B0%D1%82%D0%B5%D0%BB%D1%8C/%D0%9A%D0%BB%D0%B0%D0%B4%D0%BE%D0%B8%D1%81%D0%BA%D0%B0%D1%82%D0%B5%D0%BB%D1%8C-2.html	game	adventure		anvarov	
adventure/tropa.txt	adventure/tropa.md	tropa	Юрий Волков	Евгений Кузниченко	https://lordbss.narod.ru/pmk144.html	game	adventure	classic	lordbss	
adventure/tutankhamon.txt	adventure/tutankhamon.md	tutankhamon	Сергей Чурсанов	Евгений Кузниченко	https://lordbss.narod.ru/pmk194.html	game	adventure	classic;military	lordbss	
adventure/twin-peaks.txt	adventure/twin-peaks.md	Twin Peaks	Евгений Кузниченко	Евгений Кузниченко	https://lordbss.narod.ru/pmk13.html	game	adventure	classic	lordbss	
adventure/winner.txt	adventure/winner.md	Winner	Mikhail Pukhov		Tekhnika Molodezhi No. 7, 1987 (KEI)	game	adventure			
adventure/wumpus.txt	adventure/wumpus.md	Wumpus	Евгений Степанищев		Авторская игра Евгения Степанищева, 2026-06-28; MK-Pro source: examples/wumpus.mkpro	game	adventure			
adventure/xena-princess-warrior-dolgushin-notebook.txt	adventure/xena-princess-warrior-dolgushin-notebook.md	XENA-PRINCESS WARRIOR	Александр Долгушин		https://vk.com/wall-115251268_97; тетрадь Александра Долгушина "Мои игры МК-61", Рисунок (48).jpg; Рисунок (49).jpg; Рисунок (50).jpg; Рисунок (51).jpg; Рисунок (97).jpg: указание авторства	game	adventure	manuscript	dolgushin-notebook	
adventure/yantarnyy-gugon.txt	adventure/yantarnyy-gugon.md	yantarnyy gugon	Владимир Трофимчук	Евгений Кузниченко	https://lordbss.narod.ru/pmk73.html	game	adventure	classic	lordbss	
adventure/zamok-s-prizrakami-4.txt	adventure/zamok-s-prizrakami-4.md	zamok s prizrakami-4	Игорь Вершинин, Сергей Чурсанов		https://lordbss.narod.ru/pmk192.html; https://vk.com/wall-115251268_97; тетрадь Александра Долгушина "Мои игры МК-61", страницы 21-23	game	adventure	classic;horror	lordbss	
adventure/zamok-s-prizrakami.txt	adventure/zamok-s-prizrakami.md	zamok s prizrakami	Сергей Чурсанов	Евгений Кузниченко	https://lordbss.narod.ru/pmk191.html	game	adventure	classic;horror	lordbss	
adventure/zamok-satany.txt	adventure/zamok-satany.md	zamok satany	Сергей Устюгов	Евгений Кузниченко	https://lordbss.narod.ru/pmk66.html	game	adventure	classic;horror	lordbss	
adventure/zloveshchiy-chertog.txt	adventure/zloveshchiy-chertog.md	zloveshchiy chertog	Евгений Кузниченко	Евгений Кузниченко	https://lordbss.narod.ru/pmk65.html	game	adventure	classic;horror	lordbss	
adventure/zona.txt	adventure/zona.md	zona	Сергей Чурсанов	Евгений Кузниченко	https://lordbss.narod.ru/pmk149.html	game	adventure	classic	lordbss	
arcade/asteroid.txt	arcade/asteroid.md	asteroid	С. И. Пономарёв		https://lordbss.narod.ru/pmk239.html	game	arcade	classic;space	lordbss	
arcade/block-out.txt	arcade/block-out.md	Block Out	С. Андрианов		https://lordbss.narod.ru/pmk127.html	game	arcade	classic	lordbss	
arcade/bosconien.txt	arcade/bosconien.md	Bosconien	Владимир Трофимчук	Евгений Кузниченко	https://lordbss.narod.ru/pmk56.html	game	arcade	classic	lordbss	
arcade/crazy-fly-dolgushin-notebook.txt	arcade/crazy-fly-dolgushin-notebook.md	CRAZY FLY	Александр Долгушин		https://vk.com/wall-115251268_97; тетрадь Александра Долгушина "Мои игры МК-61", Рисунок (20).jpg; Рисунок (21).jpg; Рисунок (97).jpg: указание авторства	game	arcade	manuscript	dolgushin-notebook	
arcade/duck-dolgushin-notebook.txt	arcade/duck-dolgushin-notebook.md	DUCK	Александр Долгушин		https://vk.com/wall-115251268_97; тетрадь Александра Долгушина "Мои игры МК-61", Рисунок (31).jpg; Рисунок (32).jpg; Рисунок (33).jpg; Рисунок (97).jpg: указание авторства	game	arcade	manuscript	dolgushin-notebook	
arcade/electronic-fortune-teller.txt	arcade/electronic-fortune-teller.md	Electronic Fortune-Teller			Техника-молодежи, 1985-07	game	arcade	classic;magazine	tekhnika-molodezhi	
arcade/lovkach-video.txt	arcade/lovkach-video.md	lovkach-video	Сергей Чурсанов	Евгений Кузниченко	https://lordbss.narod.ru/pmk161.html	game	arcade	classic	lordbss	
arcade/lovkach.txt	arcade/lovkach.md	lovkach	Владимир Лазарев	Евгений Кузниченко	https://lordbss.narod.ru/pmk160.html	game	arcade	classic	lordbss	
arcade/papago.txt	arcade/papago.md	papago	Владимир Трофимчук	Евгений Кузниченко	https://lordbss.narod.ru/pmk158.html	game	arcade	classic	lordbss	
arcade/pi-cho-variant.txt	arcade/pi-cho-variant.md	Пи-чо			https://xvadim.github.io/xbasoft/pmk/pi-cho.zip	game	arcade	variant		
arcade/pi-cho.txt	arcade/pi-cho.md	pi-cho	А. В. Раков		Техника-молодежи, 1988-07	game	arcade	classic;magazine	tekhnika-molodezhi	
arcade/safari.txt	arcade/safari.md	safari	Сергей Чурсанов	Евгений Кузниченко	https://lordbss.narod.ru/pmk180.html	game	arcade	classic	lordbss	
arcade/skala.txt	arcade/skala.md	skala	С. И. Пономарёв		https://lordbss.narod.ru/pmk189.html	game	arcade	classic	lordbss	
arcade/teenage-mutant-ninja-turtles-dolgushin-notebook-2.txt	arcade/teenage-mutant-ninja-turtles-dolgushin-notebook-2.md	TEENAGE-MUTANT NINJA TURTLES	Александр Долгушин		https://vk.com/wall-115251268_126; ручная перепечатка пользователя из второй тетради Александра Долгушина "Мои игры МК-61", программа 59, Рисунок (20).jpg; Рисунок (21).jpg; Рисунок (22).jpg; Рисунок (23).jpg; Рисунок (24).jpg	game	arcade	manuscript	dolgushin-notebook	
arcade/tetris-lordbss.txt	arcade/tetris-lordbss.md	tetris	Дмитрий Моргунов	Евгений Кузниченко	https://lordbss.narod.ru/pmk125.html	game	arcade	classic	lordbss	
arcade/tetris.txt	arcade/tetris.md	tetris	Александр Михолап	Евгений Кузниченко	https://lordbss.narod.ru/pmk121.html	game	arcade	classic	lordbss	
arcade/tom-i-dzherri-2.txt	arcade/tom-i-dzherri-2.md	tom i dzherri-2	Евгений Кузниченко	Евгений Кузниченко	https://lordbss.narod.ru/pmk72.html	game	arcade	classic	lordbss	tom-and-jerry
arcade/tom-i-dzherri-3.txt	arcade/tom-i-dzherri-3.md	tom i dzherri 3			https://sergeanvarov.github.io/russian/mk61/games/%D1%82%D0%BE%D0%BC%20%D0%B8%20%D0%B4%D0%B6%D0%B5%D1%80%D1%80%D0%B8%203/%D1%82%D0%BE%D0%BC%20%D0%B8%20%D0%B4%D0%B6%D0%B5%D1%80%D1%80%D0%B8%203.html	game	arcade		anvarov	tom-and-jerry
arcade/tom-i-dzherri.txt	arcade/tom-i-dzherri.md	tom i dzherri	В. Бычков, Евгений Кузниченко		https://lordbss.narod.ru/pmk71.html	game	arcade	classic	lordbss	tom-and-jerry
arcade/toti.txt	arcade/toti.md	Toti	Александр Михолап	Евгений Кузниченко	https://lordbss.narod.ru/pmk155.html	game	arcade	classic	lordbss	
arcade/turtles.txt	arcade/turtles.md	Turtles	Андрей Ивушкин	Евгений Кузниченко	https://lordbss.narod.ru/pmk251.html	game	arcade	classic;vs-calculator	lordbss	
arcade/v-oblake-asteroidov.txt	arcade/v-oblake-asteroidov.md	v oblake asteroidov	А. Пирожков		https://lordbss.narod.ru/pmk106.html	game	arcade	classic;space	lordbss	
arcade/vodnaya-zmeya.txt	arcade/vodnaya-zmeya.md	vodnaya zmeya	Сергей Шинкевич	Евгений Кузниченко	https://lordbss.narod.ru/pmk237.html	game	arcade	classic	lordbss	
arcade/vorishka-video.txt	arcade/vorishka-video.md	vorishka-video	Владимир Трофимчук	Евгений Кузниченко	https://lordbss.narod.ru/pmk162.html	game	arcade	classic	lordbss	
arcade/zhonglyor-i-sharik.txt	arcade/zhonglyor-i-sharik.md	Жонглёр и шарик	М. Шарий, Н. Узденников		А. Б. Бойко, Игры с микрокалькулятором, Математика, кибернетика, 1987, № 11	game	arcade			
educational/99-bottles.txt	educational/99-bottles.md	99 бутылок	Евгений Степанищев	Евгений Кузниченко	https://bolknote.ru/all/4418/	experiment	educational			
educational/arithmetic.txt	educational/arithmetic.md	Arithmetic	illi4		https://habr.com/ru/articles/125484/	trainer	educational			
educational/brounovskoe-dvizhenie-romanovsky-1989.txt	educational/brounovskoe-dvizhenie-romanovsky-1989.md	Броуновское движение	Т. Б. Романовский		Т. Б. Романовский, Микрокалькуляторы в рассказах и играх, Киев: Радянська школа, 1989, с. 212	experiment	educational	book;classic	romanovsky-1989	
educational/kon-tiki-multfilm.txt	educational/kon-tiki-multfilm.md	Kon-Tiki: Multfilm	Михаил Пухов		https://web.archive.org/web/20110926111029id_/http://epizodsspace.no-ip.org/bibl/tm/1985/12/put.html	experiment	educational	space		kon-tiki
educational/markov-machine.txt	educational/markov-machine.md	Markov Machine	Русский		https://pmk.arbinada.com/category/00960.html	experiment	educational			
educational/memory-training-1m.txt	educational/memory-training-1m.md	Memory Training 1M	illi4		https://habr.com/ru/articles/125484/	trainer	educational			
educational/memory-training.txt	educational/memory-training.md	Memory Training	illi4		https://habr.com/ru/articles/125484/	trainer	educational			
educational/multfilm-dolgushin-bloknot.txt	educational/multfilm-dolgushin-bloknot.md	Мультфильм	Кирилл Котин		https://vk.com/wall-115251268_134; блокнот Александра Долгушина, страницы 15.jpg-17.jpg; ручная перепечатка пользователя	experiment	educational	manuscript	dolgushin-notebook	
educational/multfilm-na-indikatore.txt	educational/multfilm-na-indikatore.md	Мультфильм на индикаторе	Кирилл Котин		Наука и жизнь, 1989-06	experiment	educational			
educational/naberi-chet.txt	educational/naberi-chet.md	Набери чёт	Сергей Храмов		PDF "Набери чёт", 2022	trainer	educational			
educational/obshchitelny-li-vy-chelovek-gaishtut-1988.txt	educational/obshchitelny-li-vy-chelovek-gaishtut-1988.md	Общительный ли вы человек?			А. Г. Гайштут, Калькулятор - твой помощник и соперник в играх, 1988, с. 234-235.	experiment	educational	book;classic	gaishtut-1988	
educational/operatsionnaya-sistema-es-1840.txt	educational/operatsionnaya-sistema-es-1840.md	Операционная система ЕС-1840	не установлен		[видео Александра Долгушина во VK](https://vk.com/wall-115251268_81)	experiment	educational			
educational/oplata-scheta.txt	educational/oplata-scheta.md	Оплата счета	И. Д. Данилов, Г. В. Славин		И. Д. Данилов, Г. В. Славин, 5 вечеров с микрокалькулятором	trainer	educational			
educational/paradoks-mnogougolnikov-1-kibernetika-1986.txt	educational/paradoks-mnogougolnikov-1-kibernetika-1986.md	Парадокс описанных многоугольников I	коллектив авторов		Кибернетика. Микрокалькуляторы в играх и задачах, 1986, с. 74	experiment	educational	book;classic	kibernetika-1986	
educational/paradoks-mnogougolnikov-2-kibernetika-1986.txt	educational/paradoks-mnogougolnikov-2-kibernetika-1986.md	Парадокс описанных многоугольников II	коллектив авторов		Кибернетика. Микрокалькуляторы в играх и задачах, 1986, с. 74	experiment	educational	book;classic	kibernetika-1986	
educational/povtori-chislo.txt	educational/povtori-chislo.md	Повтори число	И. Д. Данилов, Г. В. Славин		И. Д. Данилов, Г. В. Славин, 5 вечеров с микрокалькулятором	trainer	educational			
educational/povtori-tsifru.txt	educational/povtori-tsifru.md	Повтори цифру	И. Д. Данилов, Г. В. Славин		И. Д. Данилов, Г. В. Славин, 5 вечеров с микрокалькулятором	trainer	educational			
educational/programma-dlya-testirovaniya-romanovsky-1989.txt	educational/programma-dlya-testirovaniya-romanovsky-1989.md	Программа для тестирования	Т. Б. Романовский		Т. Б. Романовский, Микрокалькуляторы в рассказах и играх, Киев: Радянська школа, 1989, с. 217-218	experiment	educational	book;classic	romanovsky-1989	
educational/risovanie-romanovsky-1989.txt	educational/risovanie-romanovsky-1989.md	Рисование	Т. Б. Романовский		Т. Б. Романовский, Микрокалькуляторы в рассказах и играх, Киев: Радянська школа, 1989, с. 216	experiment	educational	book;classic	romanovsky-1989	
educational/soschitay-v-ume.txt	educational/soschitay-v-ume.md	Сосчитай в уме	И. Д. Данилов, Г. В. Славин		И. Д. Данилов, Г. В. Славин, 5 вечеров с микрокалькулятором	trainer	educational			
educational/trenirovka-pamyati-anvarov.txt	educational/trenirovka-pamyati-anvarov.md	Тренировка памяти			https://xvadim.github.io/xbasoft/pmk/mem_training2.zip	trainer	educational			
educational/trenirovka-pamyati-kibernetika-1986.txt	educational/trenirovka-pamyati-kibernetika-1986.md	Тренировка памяти	коллектив авторов		Кибернетика. Микрокалькуляторы в играх и задачах, 1986, с. 13-16	trainer	educational	book;classic	kibernetika-1986	
educational/trenirovka-pamyati.txt	educational/trenirovka-pamyati.md	Тренировка памяти			https://xvadim.github.io/xbasoft/pmk/mem_training.zip	trainer	educational			
educational/tsifra-kibernetika-1986.txt	educational/tsifra-kibernetika-1986.md	Цифра	коллектив авторов		Кибернетика. Микрокалькуляторы в играх и задачах, 1986, с. 6	trainer	educational	book;classic	kibernetika-1986	
educational/umeete-li-vy-slushat-gaishtut-1988.txt	educational/umeete-li-vy-slushat-gaishtut-1988.md	Умеете ли вы слушать?			А. Г. Гайштут, Калькулятор - твой помощник и соперник в играх, 1988, с. 240.	experiment	educational	book;classic	gaishtut-1988	
educational/ustnyy-schet-kibernetika-1986.txt	educational/ustnyy-schet-kibernetika-1986.md	Устный счет	коллектив авторов		Кибернетика. Микрокалькуляторы в играх и задачах, 1986, с. 16-18	trainer	educational	book;classic	kibernetika-1986	
educational/vosem-tsifr-v-ume.txt	educational/vosem-tsifr-v-ume.md	Восемь цифр в уме	автор не указан		А. Б. Бойко, Игры с микрокалькулятором, Математика, кибернетика, 1987, № 11	trainer	educational			
gambling/black-jack-dolgushin-notebook.txt	gambling/black-jack-dolgushin-notebook.md	BLACK JACK	Александр Долгушин		https://vk.com/wall-115251268_97; тетрадь Александра Долгушина "Мои игры МК-61", Рисунок (86).jpg; Рисунок (87).jpg; Рисунок (88).jpg; Рисунок (97).jpg: указание авторства	game	gambling	manuscript	dolgushin-notebook	
gambling/faraon.txt	gambling/faraon.md	faraon	Сергей Чурсанов	Евгений Кузниченко	https://lordbss.narod.ru/pmk193.html	game	gambling	classic	lordbss	
gambling/fortune-dolgushin-notebook.txt	gambling/fortune-dolgushin-notebook.md	FORTUNE	Александр Долгушин		https://vk.com/wall-115251268_97; тетрадь Александра Долгушина "Мои игры МК-61", Рисунок (64).jpg; Рисунок (65).jpg; Рисунок (66).jpg; Рисунок (97).jpg: указание авторства	game	gambling	manuscript	dolgushin-notebook	
gambling/game-100-pig.txt	gambling/game-100-pig.md	Игра 100 (свинья) вдвоём с ПМК			https://sergeanvarov.github.io/russian/mk61/games/100/100.html	game	gambling	vs-calculator	anvarov	
gambling/igra-100-svinya-serge4mk-v2.txt	gambling/igra-100-svinya-serge4mk-v2.md	igra 100 svinya serge4mk v2	serge4mk	С. Р. Анваров	https://4pda.to/forum/index.php?showtopic=748847&view=findpost&p=104380011	game	gambling	vs-calculator		
gambling/igra-100-svinya-serge4mk.txt	gambling/igra-100-svinya-serge4mk.md	igra 100 svinya igrok protiv pmk	serge4mk			game	gambling	vs-calculator		
gambling/igralnyy-avtomat.txt	gambling/igralnyy-avtomat.md	igralnyy avtomat	автор неизвестен	Евгений Кузниченко	https://lordbss.narod.ru/pmk156.html	game	gambling	classic	lordbss	
gambling/jack-pot.txt	gambling/jack-pot.md	Jack Pot	Константин Сергеев	Евгений Кузниченко	https://lordbss.narod.ru/pmk151.html	game	gambling	classic	lordbss	
gambling/karusel-loto-gaishtut-1988.txt	gambling/karusel-loto-gaishtut-1988.md	Карусель-лото			А. Г. Гайштут, Калькулятор - твой помощник и соперник в играх, 1988, с. 141-143.	game	gambling	book;classic	gaishtut-1988	
gambling/kazino.txt	gambling/kazino.md	kazino	Евгений Кузниченко	Евгений Кузниченко	https://lordbss.narod.ru/pmk01.html	game	gambling	classic	lordbss	
gambling/klondayk-dolgushin-notebook.txt	gambling/klondayk-dolgushin-notebook.md	Клондайк	А. Щекалев		https://vk.com/wall-115251268_97; тетрадь Александра Долгушина "Мои игры МК-61", Рисунок (36).jpg; Рисунок (37).jpg; Рисунок (38).jpg	game	gambling	manuscript	dolgushin-notebook	klondike
gambling/klondayk.txt	gambling/klondayk.md	klondayk	А. Щекалев		https://lordbss.narod.ru/pmk143.html	game	gambling	classic	lordbss	klondike
gambling/loterei-kubik-orel-reshka-renat-notebook.txt	gambling/loterei-kubik-orel-reshka-renat-notebook.md	Лотереи: кубик, перебор, орёл-решка с заданной вероятностью	автор неизвестен		тетрадь Рената Менькова "Мои игры МК-61 (Тетрадь 2)", Рисунок (14).jpg	game	gambling	manuscript	renat-menkov-notebook	
gambling/lotereya-2000-dolgushin-notebook.txt	gambling/lotereya-2000-dolgushin-notebook.md	Лотерея 2000	Александр Долгушин		https://vk.com/wall-115251268_97; тетрадь Александра Долгушина "Мои игры МК-61", Рисунок (82).jpg; Рисунок (83).jpg; Рисунок (97).jpg: указание авторства	game	gambling	manuscript	dolgushin-notebook	
gambling/lotereya-renat-notebook.txt	gambling/lotereya-renat-notebook.md	Лотерея	автор неизвестен		тетрадь Рената Менькова "Мои игры МК-61 (Тетрадь 2)", Рисунок (8).jpg	game	gambling	manuscript	renat-menkov-notebook	
gambling/monte-karlo.txt	gambling/monte-karlo.md	monte-karlo	Анатолий Кондратьев	Евгений Кузниченко	https://lordbss.narod.ru/pmk54.html	game	gambling	classic	lordbss	
gambling/ochko.txt	gambling/ochko.md	ochko	Евгений Кузниченко	Евгений Кузниченко	https://lordbss.narod.ru/pmk150.html	game	gambling	classic	lordbss	
gambling/poker-m-c.txt	gambling/poker-m-c.md	poker M-C	Анатолий Кондратьев	Евгений Кузниченко	https://lordbss.narod.ru/pmk19.html	game	gambling	classic	lordbss	
gambling/poker.txt	gambling/poker.md	poker	А. Нилин		https://lordbss.narod.ru/pmk157.html	game	gambling	classic	lordbss	
gambling/ruletka.txt	gambling/ruletka.md	ruletka	Михаил Лялин	Евгений Кузниченко	https://lordbss.narod.ru/pmk148.html	game	gambling	classic	lordbss	
gambling/sportloto-model-5-of-36.txt	gambling/sportloto-model-5-of-36.md	Sportloto Model	L. M. Fink		Финк Л.М., Папа, мама, я и микрокалькулятор (1988)	game	gambling	book;classic	fink-1988	
gambling/the-dice.txt	gambling/the-dice.md	The Dice	Константин Сергеев	Евгений Кузниченко	https://lordbss.narod.ru/pmk153.html	game	gambling	classic	lordbss	
gambling/totalizator.txt	gambling/totalizator.md	totalizator	автор неизвестен	Евгений Кузниченко	https://lordbss.narod.ru/pmk154.html	game	gambling	classic	lordbss	
logic/bash-game.txt	logic/bash-game.md	Bash Game	L. M. Fink		Финк Л.М., Папа, мама, я и микрокалькулятор (1988)	game	logic	book;classic	fink-1988	
logic/bolshe-menshe-gaishtut-1988.txt	logic/bolshe-menshe-gaishtut-1988.md	Больше - меньше			А. Г. Гайштут, Калькулятор - твой помощник и соперник в играх, 1988, с. 227-228.	game	logic	book;classic	gaishtut-1988	
logic/bulls-and-cows-2.txt	logic/bulls-and-cows-2.md	Bulls and Cows 2	illi4		https://habr.com/ru/articles/125484/	game	logic			
logic/byki-i-korovy-geocities.txt	logic/byki-i-korovy-geocities.md	Быки и коровы (GeoCities)			https://web.archive.org/web/20091020001857/http://geocities.com/CapeCanaveral/Hall/5525/Mmind/bcprogru.htm	game	logic		geocities-bulatov	
logic/byki-i-korovy.txt	logic/byki-i-korovy.md	Быки и коровы			https://xvadim.github.io/xbasoft/pmk/bullscows.zip	game	logic			
logic/chempion.txt	logic/chempion.md	chempion	КЭИ		Техника-молодежи, 1986-11	game	logic	classic;magazine	tekhnika-molodezhi	
logic/chet-nechet-3.txt	logic/chet-nechet-3.md	Чёт-нечёт-3			https://xvadim.github.io/xbasoft/pmk/chnch3.zip	game	logic			odd-even
logic/chet-nechet-danilov-slavin.txt	logic/chet-nechet-danilov-slavin.md	Чет-нечет	И. Д. Данилов, Г. В. Славин		И. Д. Данилов, Г. В. Славин, 5 вечеров с микрокалькулятором	game	logic			odd-even
logic/chet-nechet-dolgushin-notebook.txt	logic/chet-nechet-dolgushin-notebook.md	Чёт-нечёт	автор неизвестен		https://vk.com/wall-115251268_97; тетрадь Александра Долгушина "Мои игры МК-61", Рисунок (15).jpg; Рисунок (16).jpg	game	logic	manuscript	dolgushin-notebook	odd-even
logic/chet-nechet-kibernetika-1986.txt	logic/chet-nechet-kibernetika-1986.md	Чет-нечет	коллектив авторов		Кибернетика. Микрокалькуляторы в играх и задачах, 1986, с. 154	game	logic	book;classic	kibernetika-1986	odd-even
logic/chisla-po-krugu.txt	logic/chisla-po-krugu.md	Числа по кругу	И. Д. Данилов, Г. В. Славин		И. Д. Данилов, Г. В. Славин, 5 вечеров с микрокалькулятором	game	logic			
logic/chyornyy-yashchik.txt	logic/chyornyy-yashchik.md	chyornyy yashchik	Михаил Лялин	Евгений Кузниченко	https://lordbss.narod.ru/pmk152.html	game	logic	classic	lordbss	
logic/correspondence-chess.txt	logic/correspondence-chess.md	Correspondence Chess	Николай Авдеев	Евгений Кузниченко	http://arbinada.ddns.net/pmk-files/magazines/%D0%A2%D0%B5%D1%85%D0%BD%D0%B8%D0%BA%D0%B0%20%D0%BC%D0%BE%D0%BB%D0%BE%D0%B4%D0%B5%D0%B6%D0%B8%201985-1988%20%D0%9F%D0%9C%D0%9A.zip	game	logic	classic;magazine	tekhnika-molodezhi	
logic/domino-vunderkind.txt	logic/domino-vunderkind.md	domino-vunderkind	С. Беляев		https://lordbss.narod.ru/pmk249.html	game	logic	classic	lordbss	
logic/dvoynik-bashe-gaishtut-1988.txt	logic/dvoynik-bashe-gaishtut-1988.md	Игра "Двойник Баше"			А. Г. Гайштут, Калькулятор - твой помощник и соперник в играх, 1988, с. 223.	game	logic	book;classic	gaishtut-1988	
logic/elektronnyy-ring.txt	logic/elektronnyy-ring.md	elektronnyy ring	Виктор Распопов	Евгений Кузниченко	https://lordbss.narod.ru/pmk233.html	game	logic	classic	lordbss	
logic/elektronnyy-sopernik.txt	logic/elektronnyy-sopernik.md	elektronnyy sopernik	Сергей Кузнецов, Виктор Распопов		https://lordbss.narod.ru/pmk234.html	game	logic	classic	lordbss	
logic/fourteen-pawns.txt	logic/fourteen-pawns.md	Fourteen Pawns	st		https://pmk.arbinada.com/category/01085.html	game	logic			
logic/fox-hunt-100.txt	logic/fox-hunt-100.md	Охота на лис 100			https://sergeanvarov.github.io/russian/mk61/games/%D0%BE%D1%85%D0%BE%D1%82%D0%B0%20%D0%BD%D0%B0%20%D0%BB%D0%B8%D1%81%20100/%D0%BE%D1%85%D0%BE%D1%82%D0%B0%20%D0%BD%D0%B0%20%D0%BB%D0%B8%D1%81%20100.html	game	logic		anvarov	fox-hunt
logic/fox-hunt-mk61.txt	logic/fox-hunt-mk61.md	Охота на лис (вариант для МК-61)	автор варианта неизвестен		https://monatkodenis.blogspot.com/2014/01/blog-post.html	game	logic	variant	geocities-bulatov	fox-hunt
logic/geks-gaishtut-1988.txt	logic/geks-gaishtut-1988.md	Гекс			А. Г. Гайштут, Калькулятор - твой помощник и соперник в играх, 1988, с. 215.	game	logic	book;classic	gaishtut-1988	
logic/hanoyskaya-bashnya-karabanov.txt	logic/hanoyskaya-bashnya-karabanov.md	Ханойская башня, вариант Ю. Карабанова	Ю. Карабанов		Наука и жизнь, 1989-12	game	logic	variant		
logic/hanoyskaya-bashnya-khmelyuk.txt	logic/hanoyskaya-bashnya-khmelyuk.md	Ханойская башня, вариант В. Хмелюка	В. Хмелюк		Наука и жизнь, 1989-12	game	logic	variant		
logic/hanoyskaya-bashnya-sivkov.txt	logic/hanoyskaya-bashnya-sivkov.md	Ханойская башня, вариант Ю. Сивкова	Ю. Сивков		Наука и жизнь, 1989-12	game	logic	variant		
logic/igra-12-kabardcomp.txt	logic/igra-12-kabardcomp.md	Игра 12			https://kabardcomp.narod.ru/Mgames.txt	game	logic			
logic/igra-bashe-gaishtut-1988.txt	logic/igra-bashe-gaishtut-1988.md	Игра Баше			А. Г. Гайштут, Калькулятор - твой помощник и соперник в играх, 1988, с. 221-222.	game	logic	book;classic	gaishtut-1988	
logic/igra-na-dorozhke-kibernetika-1986.txt	logic/igra-na-dorozhke-kibernetika-1986.md	Игра на дорожке	коллектив авторов		Кибернетика. Микрокалькуляторы в играх и задачах, 1986, с. 145	game	logic	book;classic	kibernetika-1986	
logic/kalah.txt	logic/kalah.md	kalah	xvadim	Вадим Хохлов	https://4pda.to/forum/index.php?showuser=2186572	game	logic	two-player		
logic/kaufsten-heavy.txt	logic/kaufsten-heavy.md	Kaufsten	illi4		https://habr.com/ru/articles/125484/	game	logic			
logic/kaufsten-light.txt	logic/kaufsten-light.md	Kaufsten	illi4		https://habr.com/ru/articles/125484/	game	logic			
logic/kchppp.txt	logic/kchppp.md	kchppp	С. Андрианов		https://lordbss.narod.ru/pmk226.html	game	logic	classic	lordbss	
logic/koltso-s-sekretom.txt	logic/koltso-s-sekretom.md	Кольцо с секретом	Г. Славин		А. Б. Бойко, Игры с микрокалькулятором, Математика, кибернетика, 1987, № 11	game	logic			
logic/kombinator.txt	logic/kombinator.md	Комбинатор	Станислав Чегодаев		https://old.computerra.ru/hitech/206244/	game	logic	classic;economy;magazine;management	tekhnika-molodezhi	
logic/krestiki-noliki-gaishtut-1988.txt	logic/krestiki-noliki-gaishtut-1988.md	Крестики-нолики			А. Г. Гайштут, Калькулятор - твой помощник и соперник в играх, 1988, с. 207-208.	game	logic	book;classic	gaishtut-1988	tic-tac-toe
logic/krestiki-noliki-kabardcomp.txt	logic/krestiki-noliki-kabardcomp.md	Крестики-нолики			https://kabardcomp.narod.ru/Mgames.txt	game	logic			tic-tac-toe
logic/kto-pervyy.txt	logic/kto-pervyy.md	Кто первый	Г. Белавин		Наука и жизнь, 1987-03, с. 130; перепечатка: А. Б. Бойко, Игры с микрокалькулятором, Математика, кибернетика, 1987, № 11	game	logic			
logic/lloyd-queen-c5-renat-notebook.txt	logic/lloyd-queen-c5-renat-notebook.md	Решение шахматной задачи Ллойда	автор неизвестен		тетрадь Рената Менькова "Мои игры МК-61 (Тетрадь 2)", Рисунок (13).jpg	game	logic	manuscript	renat-menkov-notebook	
logic/logika-gaishtut-1988.txt	logic/logika-gaishtut-1988.md	Логика			А. Г. Гайштут, Калькулятор - твой помощник и соперник в играх, 1988, с. 209-211.	game	logic	book;classic	gaishtut-1988	
logic/magicheskiy-kvadrat.txt	logic/magicheskiy-kvadrat.md	Магический квадрат	М. Вахтеров		А. Б. Бойко, Игры с микрокалькулятором, Математика, кибернетика, 1987, № 11	game	logic			
logic/magiya-tsifr.txt	logic/magiya-tsifr.md	magiya tsifr	Владимир Хмелюк	Евгений Кузниченко	https://lordbss.narod.ru/pmk109.html	game	logic	classic	lordbss	
logic/mastermind.txt	logic/mastermind.md	Мастермайнд			https://web.archive.org/web/20091020013522/http://geocities.com/CapeCanaveral/Hall/5525/Mmind/mmprogru.htm	game	logic		geocities-bulatov	
logic/minesweeper-9x9.txt	logic/minesweeper-9x9.md	Сапёр 9x9			https://sergeanvarov.github.io/russian/mk61/games/%D1%81%D0%B0%D0%BF%D1%91%D1%80%209x9/%D1%81%D0%B0%D0%BF%D1%91%D1%80%209x9.html	game	logic		anvarov	minesweeper
logic/minesweeper.txt	logic/minesweeper.md	Minesweeper	Олег Булычёв	Евгений Кузниченко	https://lordbss.narod.ru/pmk39.html	game	logic	classic	lordbss	minesweeper
logic/monti.txt	logic/monti.md	monti	Евгений Кузниченко	Евгений Кузниченко	https://lordbss.narod.ru/pmk74.html	game	logic	classic	lordbss	
logic/mustang-8x8-variant.txt	logic/mustang-8x8-variant.md	Охота на мустанга			https://xvadim.github.io/xbasoft/pmk/mustang_8x8.zip	game	logic	variant;western		
logic/mustang-8x8.txt	logic/mustang-8x8.md	Mustang 8x8	Н. Ромашов		http://arbinada.ddns.net/pmk-files/magazines/%D0%A2%D0%B5%D1%85%D0%BD%D0%B8%D0%BA%D0%B0%20%D0%BC%D0%BE%D0%BB%D0%BE%D0%B4%D0%B5%D0%B6%D0%B8%201985-1988%20%D0%9F%D0%9C%D0%9A.zip	game	logic	western		
logic/nim-s-odnoy-kuchey.txt	logic/nim-s-odnoy-kuchey.md	Ним с одной кучей	Сергей Храмов		PDF "Ним с одной кучей", 2021	game	logic			
logic/nim.txt	logic/nim.md	Ним			https://xvadim.github.io/xbasoft/pmk/nim.zip	game	logic			
logic/odd-even-1.txt	logic/odd-even-1.md	Odd-Even 1	illi4		https://habr.com/ru/articles/125484/	game	logic			odd-even
logic/odd-even-2.txt	logic/odd-even-2.md	Odd-Even 2	illi4		https://habr.com/ru/articles/125484/	game	logic			odd-even
logic/odd-even-who-can-outsmart-who.txt	logic/odd-even-who-can-outsmart-who.md	Odd-Even / Who Can Outsmart Who	L. M. Fink		Финк Л.М., Папа, мама, я и микрокалькулятор (1988)	game	logic	book;classic	fink-1988	odd-even
logic/odnomernyy-kubik-rubika.txt	logic/odnomernyy-kubik-rubika.md	Одномерный кубик Рубика	Г. Славин		А. Б. Бойко, Игры с микрокалькулятором, Математика, кибернетика, 1987, № 11	game	logic			
logic/ohota-na-lis-gaishtut-1988.txt	logic/ohota-na-lis-gaishtut-1988.md	Охота на лис			А. Г. Гайштут, Калькулятор - твой помощник и соперник в играх, 1988, с. 193-194.	game	logic	book;classic	gaishtut-1988	fox-hunt
logic/okhota-na-lis-1-danilov-slavin.txt	logic/okhota-na-lis-1-danilov-slavin.md	okhota na lis 1	И. Д. Данилов, Г. В. Славин	Сергей Храмов	Сергей Храмов	game	logic			fox-hunt
logic/okhota-na-lis-3-hramov.txt	logic/okhota-na-lis-3-hramov.md	okhota na lis 3	Сергей Храмов		Сергей Храмов	game	logic			fox-hunt
logic/okhota-na-lis-3-poli.txt	logic/okhota-na-lis-3-poli.md	okhota na lis 3 for Poli	Сергей Храмов		Сергей Храмов	game	logic			fox-hunt
logic/okhota-na-lis-38.txt	logic/okhota-na-lis-38.md	okhota na lis 38			https://sergeanvarov.github.io/russian/mk61/games/%D0%BE%D1%85%D0%BE%D1%82%D0%B0%20%D0%BD%D0%B0%20%D0%BB%D0%B8%D1%81%2038/%D0%BE%D1%85%D0%BE%D1%82%D0%B0%20%D0%BD%D0%B0%20%D0%BB%D0%B8%D1%81%2038.html	game	logic		anvarov	fox-hunt
logic/okhota-na-lis-4-hramov.txt	logic/okhota-na-lis-4-hramov.md	okhota na lis 4	Сергей Храмов		Сергей Храмов	game	logic			fox-hunt
logic/okhota-na-lis-4-poli.txt	logic/okhota-na-lis-4-poli.md	okhota na lis 4 for Poli	Сергей Храмов		Сергей Храмов	game	logic			fox-hunt
logic/okhota-na-lis-boyko.txt	logic/okhota-na-lis-boyko.md	Охота на лис	А. Несчетный, вариант В. Кононов		А. Б. Бойко, Игры с микрокалькулятором, Математика, кибернетика, 1987, № 11	game	logic	military		fox-hunt
logic/okhota-na-lis-lordbss.txt	logic/okhota-na-lis-lordbss.md	okhota na lis	Юрий Иванов, Павел Иртюга		https://lordbss.narod.ru/pmk49.html	game	logic	classic	lordbss	fox-hunt
logic/okhota-na-lis.txt	logic/okhota-na-lis.md	okhota na lis			https://sergeanvarov.github.io/russian/mk61/games/%D0%BE%D1%85%D0%BE%D1%82%D0%B0%20%D0%BD%D0%B0%20%D0%BB%D0%B8%D1%81/%D0%BE%D1%85%D0%BE%D1%82%D0%B0%20%D0%BD%D0%B0%20%D0%BB%D0%B8%D1%81.html	game	logic		anvarov	fox-hunt
logic/palochki-i-tsifry.txt	logic/palochki-i-tsifry.md	Палочки и цифры	И. Д. Данилов, Г. В. Славин		И. Д. Данилов, Г. В. Славин, 5 вечеров с микрокалькулятором	game	logic			
logic/perekin-mostik.txt	logic/perekin-mostik.md	Перекинь мостик	П. Шмуклер		http://arbinada.ddns.net/pmk-files/magazines/%D0%9D%D0%B0%D1%83%D0%BA%D0%B0%20%D0%B8%20%D0%B6%D0%B8%D0%B7%D0%BD%D1%8C%20%D0%9F%D0%9C%D0%9A.zip	game	logic	two-player		
logic/poymat-mustanga.txt	logic/poymat-mustanga.md	Поймать мустанга	А. Павлюк		http://arbinada.ddns.net/pmk-files/magazines/%D0%A2%D0%B5%D1%85%D0%BD%D0%B8%D0%BA%D0%B0%20%D0%BC%D0%BE%D0%BB%D0%BE%D0%B4%D0%B5%D0%B6%D0%B8%201985-1988%20%D0%9F%D0%9C%D0%9A.zip	game	logic	classic;magazine;western	tekhnika-molodezhi	
logic/radiatsiya-kabardcomp.txt	logic/radiatsiya-kabardcomp.md	Радиация			https://kabardcomp.narod.ru/Mgames.txt	game	logic			
logic/rasstanovka-ferzey.txt	logic/rasstanovka-ferzey.md	rasstanovka ferzey			https://sergeanvarov.github.io/russian/mk61/other/%D1%80%D0%B0%D1%81%D1%81%D1%82%D0%B0%D0%BD%D0%BE%D0%B2%D0%BA%D0%B0%20%D1%84%D0%B5%D1%80%D0%B7%D0%B5%D0%B9/%D1%80%D0%B0%D1%81%D1%81%D1%82%D0%B0%D0%BD%D0%BE%D0%B2%D0%BA%D0%B0%20%D1%84%D0%B5%D1%80%D0%B7%D0%B5%D0%B9.html	game	logic		anvarov	
logic/rook-endgame-serge4mk.txt	logic/rook-endgame-serge4mk.md	Ladeynyy endshpil	serge4mk	С. Р. Анваров	https://4pda.to/forum/index.php?showtopic=748847&view=findpost&p=143343921	game	logic			
logic/shakhmatnaya-igra-magaradzha-renat-notebook.txt	logic/shakhmatnaya-igra-magaradzha-renat-notebook.md	Шахматная игра "Магараджа"	автор неизвестен		тетрадь Рената Менькова "Мои игры МК-61 (Тетрадь 2)", Рисунок (7).jpg; Рисунок (8).jpg	game	logic	manuscript	renat-menkov-notebook	
logic/shakhmaty-ferz-protiv-korolya-1.txt	logic/shakhmaty-ferz-protiv-korolya-1.md	Белый ферзь и король против черного короля - 1			https://xvadim.github.io/xbasoft/pmk/queen_human.zip	game	logic			
logic/shakhmaty-ferz-protiv-korolya-2.txt	logic/shakhmaty-ferz-protiv-korolya-2.md	Белый ферзь и король против черного короля - 2			https://xvadim.github.io/xbasoft/pmk/queen_pmc.zip	game	logic	classic;magazine	tekhnika-molodezhi	
logic/shakhmaty-korol-kon-slon.txt	logic/shakhmaty-korol-kon-slon.md	Король, конь и слон против короля			https://xvadim.github.io/xbasoft/pmk/knight_and_bishop.zip	game	logic	classic;magazine	tekhnika-molodezhi	
logic/shakhmaty-ladya-protiv-korolya.txt	logic/shakhmaty-ladya-protiv-korolya.md	Белая ладья и король против черного короля			https://xvadim.github.io/xbasoft/pmk/rook.zip	game	logic			
logic/shakhmaty-mat-ladyoy.txt	logic/shakhmaty-mat-ladyoy.md	shakhmaty. mat ladyoy	С. Белонос		https://sergeanvarov.github.io/russian/mk61/games/%D1%88%D0%B0%D1%85%D0%BC%D0%B0%D1%82%D1%8B/%D0%BC%D0%B0%D1%82%20%D0%BB%D0%B0%D0%B4%D1%8C%D1%91%D0%B9/%D0%BC%D0%B0%D1%82%20%D0%BB%D0%B0%D0%B4%D1%8C%D1%91%D0%B9.html	game	logic	classic;magazine	tekhnika-molodezhi	
logic/shakhmaty.txt	logic/shakhmaty.md	shakhmaty	Станислав Чегодаев	Евгений Кузниченко	https://lordbss.narod.ru/pmk247.html	game	logic	classic	lordbss	
logic/shashki-12.txt	logic/shashki-12.md	Шашки-12	Сергей Тарасов		https://old.computerra.ru/hitech/206244/	game	logic			
logic/shashki-13-new.txt	logic/shashki-13-new.md	shashki-13-New	А. Н. Гришин		https://lordbss.narod.ru/pmk248.html	game	logic	classic	lordbss	
logic/shashki-9-auto.txt	logic/shashki-9-auto.md	Шашки-9 авто	А. Н. Гришин		https://old.computerra.ru/hitech/206244/	game	logic			
logic/sokoban.txt	logic/sokoban.md	sokoban	А. Н. Гришин, Владимир Трофимчук		https://lordbss.narod.ru/pmk222.html	game	logic	classic	lordbss	
logic/soschitay-palochki.txt	logic/soschitay-palochki.md	Сосчитай палочки	И. Д. Данилов, Г. В. Славин		И. Д. Данилов, Г. В. Славин, 5 вечеров с микрокалькулятором	trainer	logic			
logic/spichki-bergsona.txt	logic/spichki-bergsona.md	Спички Бергсона			https://xvadim.github.io/xbasoft/pmk/matches_b.zip	game	logic			
logic/stones-dolgushin-notebook-2.txt	logic/stones-dolgushin-notebook-2.md	STONES	Александр Долгушин		https://vk.com/wall-115251268_126; вторая тетрадь Александра Долгушина "Мои игры МК-61", программа 62, Рисунок (32).jpg	game	logic	manuscript	dolgushin-notebook	
logic/syshchik-dolgushin-notebook.txt	logic/syshchik-dolgushin-notebook.md	Сыщик	автор неизвестен		https://vk.com/wall-115251268_97; тетрадь Александра Долгушина "Мои игры МК-61", Рисунок (74).jpg; Рисунок (75).jpg; Рисунок (76).jpg	game	logic	manuscript	dolgushin-notebook	
logic/syshchik.txt	logic/syshchik.md	syshchik	П. Гурин		https://lordbss.narod.ru/pmk236.html	game	logic	classic	lordbss	
logic/taktika-na-shashechnoy-doske-gaishtut-1988.txt	logic/taktika-na-shashechnoy-doske-gaishtut-1988.md	Тактика на шашечной доске			А. Г. Гайштут, Калькулятор - твой помощник и соперник в играх, 1988, с. 217-218.	game	logic	book;classic	gaishtut-1988	
logic/tic-tac-toe-4x4.txt	logic/tic-tac-toe-4x4.md	Крестики-нолики 4x4			https://sergeanvarov.github.io/russian/mk61/games/%D0%BA%D1%80%D0%B5%D1%81%D1%82%D0%B8%D0%BA%D0%B8-%D0%BD%D0%BE%D0%BB%D0%B8%D0%BA%D0%B8%204x4/%D0%BA%D1%80%D0%B5%D1%81%D1%82%D0%B8%D0%BA%D0%B8-%D0%BD%D0%BE%D0%BB%D0%B8%D0%BA%D0%B8%204x4.html	game	logic		anvarov	tic-tac-toe
logic/tic-tac-toe.txt	logic/tic-tac-toe.md	Tic-Tac-Toe	L. M. Fink		Финк Л.М., Папа, мама, я и микрокалькулятор (1988)	game	logic	book;classic	fink-1988	tic-tac-toe
logic/tri-shashki.txt	logic/tri-shashki.md	Три шашки	В. Рыбинский		А. Б. Бойко, Игры с микрокалькулятором, Математика, кибернетика, 1987, № 11	game	logic			
logic/ugaday-chislo-kabardcomp.txt	logic/ugaday-chislo-kabardcomp.md	Угадай число			https://kabardcomp.narod.ru/Mgames.txt	game	logic			
logic/ugaday-chislo-kibernetika-1986.txt	logic/ugaday-chislo-kibernetika-1986.md	Угадай число	коллектив авторов		Кибернетика. Микрокалькуляторы в играх и задачах, 1986, с. 82, 106	game	logic	book;classic	kibernetika-1986	
logic/ugaday-chislo-romanovsky-1989.txt	logic/ugaday-chislo-romanovsky-1989.md	Угадай число	Т. Б. Романовский		Т. Б. Романовский, Микрокалькуляторы в рассказах и играх, Киев: Радянська школа, 1989, с. 210	game	logic	book;classic	romanovsky-1989	
logic/ugaday-funktsiyu-romanovsky-1989.txt	logic/ugaday-funktsiyu-romanovsky-1989.md	Угадай функцию	Т. Б. Романовский		Т. Б. Романовский, Микрокалькуляторы в рассказах и играх, Киев: Радянська школа, 1989, с. 211-212	game	logic	book;classic	romanovsky-1989	
logic/volki-i-kozlik-8x8.txt	logic/volki-i-kozlik-8x8.md	volki i kozlik 8x8	Дмитрий Кайков, Михаил П. (MK-61 patch)		https://epizodsspace.airbase.ru/bibl/tehnika_-_molodyoji/1986/8/44-47.html	game	logic	classic;magazine	tekhnika-molodezhi	
logic/volki-i-kozlik-9x9.txt	logic/volki-i-kozlik-9x9.md	volki i kozlik 9x9	Дмитрий Кайков, Борис Греков, KEI; Android conversion by А. Лаврик		https://github.com/xvadim/pmk61-programms/blob/master/wolves_and_goat_9x9.zip	game	logic		xvadim	
logic/white-starts-and-loses.txt	logic/white-starts-and-loses.md	White Starts... and Loses	Станислав Чегодаев	Евгений Кузниченко	http://arbinada.ddns.net/pmk-files/magazines/%D0%A2%D0%B5%D1%85%D0%BD%D0%B8%D0%BA%D0%B0%20%D0%BC%D0%BE%D0%BB%D0%BE%D0%B4%D0%B5%D0%B6%D0%B8%201985-1988%20%D0%9F%D0%9C%D0%9A.zip	game	logic			
logic/zagaday-tsifru-hs-on.txt	logic/zagaday-tsifru-hs-on.md	Загадай цифру	Hs On; исправленная редакция Сергея Анварова		Telegram-чат «МК61 / МК52 / МК85», публикация пользователя Hs On от 2026-07-14; последующая оптимизация Сергея Анварова	game	logic			
logic/zvezdolyot.txt	logic/zvezdolyot.md	zvezdolyot	Владимир Сивицкий	Евгений Кузниченко	https://lordbss.narod.ru/pmk104.html	game	logic	classic	lordbss	
simulation/aeroport.txt	simulation/aeroport.md	aeroport	Владимир Трофимчук	Евгений Кузниченко	https://lordbss.narod.ru/pmk200.html	game	simulation	aviation;classic	lordbss	
simulation/aes.txt	simulation/aes.md	aes	Ю. Пшенник, Владимир Трофимчук		https://lordbss.narod.ru/pmk244.html	game	simulation	classic	lordbss	
simulation/apollo11-launch.txt	simulation/apollo11-launch.md	Apollo 11 Launch from Earth (Refined)	darth.righter		https://pmk.arbinada.com/category/01617.html	game	simulation	space		
simulation/arkticheskiy-reys-dolgushin-notebook.txt	simulation/arkticheskiy-reys-dolgushin-notebook.md	Арктический рейс	автор неизвестен		https://vk.com/wall-115251268_97; тетрадь Александра Долгушина "Мои игры МК-61", Рисунок (1).jpg	game	simulation	manuscript	dolgushin-notebook	
simulation/avtomobil-erichware.txt	simulation/avtomobil-erichware.md	Автомобиль			https://erichware.com/sovkalk/texty/mk52/52mawina.gif	game	simulation			
simulation/bankir.txt	simulation/bankir.md	bankir	А. Камоедов		https://lordbss.narod.ru/pmk76.html	game	simulation	classic;economy	lordbss	
simulation/biocenoz.txt	simulation/biocenoz.md	biocenoz	Ю. Пшенник		КЛИП, "Экспресс" N9 за 1991 г.	game	simulation			
simulation/birzha-lordbss.txt	simulation/birzha-lordbss.md	birzha	Олег Хажинский	Евгений Кузниченко	https://lordbss.narod.ru/pmk175.html; https://vk.com/wall-115251268_97; тетрадь Александра Долгушина "Мои игры МК-61", страницы 16-18	game	simulation	classic;economy	lordbss	
simulation/birzha.txt	simulation/birzha.md	birzha	Игорь Вершинин	Евгений Кузниченко	https://lordbss.narod.ru/pmk172.html	game	simulation	classic;economy	lordbss	
simulation/bort-69.txt	simulation/bort-69.md	bort-69	Сергей Шинкевич	Евгений Кузниченко	https://lordbss.narod.ru/pmk203.html	game	simulation	classic	lordbss	
simulation/bussinesman-dolgushin-notebook.txt	simulation/bussinesman-dolgushin-notebook.md	BUSSINESMAN	Александр Долгушин		https://vk.com/wall-115251268_97; тетрадь Александра Долгушина "Мои игры МК-61", Рисунок (63).jpg; Рисунок (64).jpg; Рисунок (97).jpg: указание авторства	game	simulation	economy;management;manuscript	dolgushin-notebook	
simulation/chellendzher.txt	simulation/chellendzher.md	chellendzher	Андрей Ивушкин	Евгений Кузниченко	https://lordbss.narod.ru/pmk253.html	game	simulation	classic	lordbss	
simulation/combat-maneuver-turn.txt	simulation/combat-maneuver-turn.md	Combat Maneuvering: Unsteady Turn	В. Довбня, В. Теряев		http://arbinada.ddns.net/pmk-files/magazines/%D0%90%D0%B2%D0%B8%D0%B0%D1%86%D0%B8%D1%8F%20%D0%B8%20%D0%BA%D0%BE%D1%81%D0%BC%D0%BE%D0%BD%D0%B0%D0%B2%D1%82%D0%B8%D0%BA%D0%B0%201987%20%D0%9F%D0%9C%D0%9A.zip	game	simulation			
simulation/combat-maneuver-vertical.txt	simulation/combat-maneuver-vertical.md	Combat Maneuvering: Vertical Flight	В. Довбня, В. Теряев		http://arbinada.ddns.net/pmk-files/magazines/%D0%90%D0%B2%D0%B8%D0%B0%D1%86%D0%B8%D1%8F%20%D0%B8%20%D0%BA%D0%BE%D1%81%D0%BC%D0%BE%D0%BD%D0%B0%D0%B2%D1%82%D0%B8%D0%BA%D0%B0%201987%20%D0%9F%D0%9C%D0%9A.zip	game	simulation			
simulation/cooperative-2.txt	simulation/cooperative-2.md	Cooperative 2	st		https://pmk.arbinada.com/category/01091.html	game	simulation	economy;management		
simulation/cooperative-cafe-variant.txt	simulation/cooperative-cafe-variant.md	Кооперативное кафе			https://xvadim.github.io/xbasoft/pmk/cafe.zip	game	simulation	classic;economy;magazine;management;variant	tekhnika-molodezhi	cooperative-cafe
simulation/cooperative-cafe.txt	simulation/cooperative-cafe.md	Cooperative Cafe	illi4		https://habr.com/ru/articles/125484/	game	simulation	classic;economy;magazine;management	tekhnika-molodezhi	cooperative-cafe
simulation/course-of-voyage-caston-city-dolgushin-notebook-2.txt	simulation/course-of-voyage-caston-city-dolgushin-notebook-2.md	COURSE OF <VOYAGE> - CASTON CITY	Александр Долгушин		https://vk.com/wall-115251268_126; вторая тетрадь Александра Долгушина "Мои игры МК-61", Рисунок (17).jpg; Рисунок (18).jpg; Рисунок (19).jpg; Рисунок (20).jpg	game	simulation	manuscript	dolgushin-notebook	
simulation/dangerous-loading.txt	simulation/dangerous-loading.md	Опасная погрузка			https://sergeanvarov.github.io/russian/mk61/games/%D0%BE%D0%BF%D0%B0%D1%81%D0%BD%D0%B0%D1%8F%20%D0%BF%D0%BE%D0%B3%D1%80%D1%83%D0%B7%D0%BA%D0%B0/%D0%BE%D0%BF%D0%B0%D1%81%D0%BD%D0%B0%D1%8F%20%D0%BF%D0%BE%D0%B3%D1%80%D1%83%D0%B7%D0%BA%D0%B0.html	game	simulation		anvarov	
simulation/dispetcher-2.txt	simulation/dispetcher-2.md	dispetcher-2	Александр Михолап	Евгений Кузниченко	https://lordbss.narod.ru/pmk202.html	game	simulation	classic	lordbss	
simulation/dispetcher.txt	simulation/dispetcher.md	dispetcher	П. Аронович		https://lordbss.narod.ru/pmk201.html	game	simulation	classic	lordbss	
simulation/elita.txt	simulation/elita.md	elita	Владимир Сивицкий	Евгений Кузниченко	https://lordbss.narod.ru/pmk59.html	game	simulation	classic;space	lordbss	elite
simulation/elite-2-dolgushin-notebook.txt	simulation/elite-2-dolgushin-notebook.md	ELITE 2	Александр Долгушин		https://vk.com/wall-115251268_97; тетрадь Александра Долгушина "Мои игры МК-61", Рисунок (52).jpg; Рисунок (53).jpg; Рисунок (54).jpg; Рисунок (97).jpg: указание авторства	game	simulation	manuscript;space	dolgushin-notebook	elite
simulation/elite-dolgushin-notebook.txt	simulation/elite-dolgushin-notebook.md	ELITE	Александр Долгушин		https://vk.com/wall-115251268_97; тетрадь Александра Долгушина "Мои игры МК-61", Рисунок (30).jpg; Рисунок (31).jpg; Рисунок (97).jpg: указание авторства	game	simulation	manuscript;space	dolgushin-notebook	elite
simulation/elite-iii-coriolis-dolgushin-notebook-2.txt	simulation/elite-iii-coriolis-dolgushin-notebook-2.md	ELITE III (CORiOLiS)	Александр Долгушин		https://vk.com/wall-115251268_126; вторая тетрадь Александра Долгушина "Мои игры МК-61", Рисунок (15).jpg; Рисунок (16).jpg; Рисунок (17).jpg	game	simulation	manuscript;space	dolgushin-notebook	elite
simulation/elite.txt	simulation/elite.md	Elite	Владимир Трофимчук	Евгений Кузниченко	https://lordbss.narod.ru/pmk03.html	game	simulation	classic;space	lordbss	elite
simulation/fondovaya-birzha.txt	simulation/fondovaya-birzha.md	fondovaya birzha	Сергей Блищавенко	Евгений Кузниченко	https://lordbss.narod.ru/pmk171.html	game	simulation	classic;economy	lordbss	
simulation/harvest-extensive-model.txt	simulation/harvest-extensive-model.md	Harvest Extensive Model	illi4		https://habr.com/ru/articles/125484/	game	simulation	economy		harvest
simulation/harvest-intensive-model.txt	simulation/harvest-intensive-model.md	Harvest Intensive Model	illi4		https://habr.com/ru/articles/125484/	game	simulation	economy		harvest
simulation/kafe-geocities.txt	simulation/kafe-geocities.md	Кафе (GeoCities)	В. Алексеев		https://web.archive.org/web/20091020052223/http://geocities.com/CapeCanaveral/Hall/5525/Cafe/Caferu.htm	game	simulation	classic;economy;magazine;management	tekhnika-molodezhi	cooperative-cafe
simulation/kapitan.txt	simulation/kapitan.md	kapitan	А. Тимошкин		https://lordbss.narod.ru/pmk206.html	game	simulation	classic	lordbss	
simulation/kazanova.txt	simulation/kazanova.md	kazanova	Андрей Ивушкин	Евгений Кузниченко	https://lordbss.narod.ru/pmk250.html	game	simulation	classic	lordbss	
simulation/kombinat.txt	simulation/kombinat.md	kombinat	Сергей Блищавенко	Евгений Кузниченко	https://lordbss.narod.ru/pmk242.html	game	simulation	classic;economy;management	lordbss	
simulation/kon-tiki-atmosphere-1.txt	simulation/kon-tiki-atmosphere-1.md	Kon-Tiki: Atmosphere-1	Михаил Пухов		https://web.archive.org/web/20150804231516id_/http://epizodsspace.no-ip.org/bibl/tm/1986/3/put.html	game	simulation	classic;magazine;space	tekhnika-molodezhi	kon-tiki
simulation/kon-tiki-atmosphere-2.txt	simulation/kon-tiki-atmosphere-2.md	Kon-Tiki: Atmosphere-2	Михаил Пухов		https://web.archive.org/web/20150804231521id_/http://epizodsspace.no-ip.org/bibl/tm/1986/4/put.html	game	simulation	classic;magazine;space	tekhnika-molodezhi	kon-tiki
simulation/kon-tiki-atmosphere-3.txt	simulation/kon-tiki-atmosphere-3.md	Kon-Tiki: Atmosphere-3	Михаил Пухов		https://web.archive.org/web/20120614121037id_/http://epizodsspace.no-ip.org/bibl/tm/1987/3/na-kryl.html	game	simulation	classic;magazine;space	tekhnika-molodezhi	kon-tiki
simulation/kon-tiki-atmosphere-4.txt	simulation/kon-tiki-atmosphere-4.md	Kon-Tiki: Atmosphere-4	Михаил Пухов		https://web.archive.org/web/20120614121037id_/http://epizodsspace.no-ip.org/bibl/tm/1987/3/na-kryl.html	game	simulation	classic;magazine;space	tekhnika-molodezhi	kon-tiki
simulation/kon-tiki-gravilet-mod.txt	simulation/kon-tiki-gravilet-mod.md	Kon-Tiki: Gravilet Modified	Михаил Пухов		https://web.archive.org/web/20120614093658id_/http://epizodsspace.no-ip.org/bibl/tm/1987/5/nad-pulsarom.html	game	simulation	space		kon-tiki
simulation/kon-tiki-gravilet.txt	simulation/kon-tiki-gravilet.md	Kon-Tiki: Gravilet	Михаил Пухов		https://web.archive.org/web/20120614093658id_/http://epizodsspace.no-ip.org/bibl/tm/1987/5/nad-pulsarom.html	game	simulation	space		kon-tiki
simulation/kon-tiki-kepler.txt	simulation/kon-tiki-kepler.md	Kon-Tiki: Kepler	Михаил Пухов		https://web.archive.org/web/20150804231514id_/http://epizodsspace.no-ip.org/bibl/tm/1986/2/put.html	game	simulation	space		kon-tiki
simulation/kon-tiki-lunolet-1.txt	simulation/kon-tiki-lunolet-1.md	Kon-Tiki: Lunolet-1	Михаил Пухов		https://web.archive.org/web/20110924184548id_/http://epizodsspace.no-ip.org/bibl/tm/1985/6/istinn-prav.html	game	simulation	classic;magazine;space	tekhnika-molodezhi	kon-tiki
simulation/kon-tiki-lunolet-1m.txt	simulation/kon-tiki-lunolet-1m.md	Kon-Tiki: Lunolet-1M	Михаил Пухов		https://web.archive.org/web/20110924184544id_/http://epizodsspace.no-ip.org/bibl/tm/1985/10/put.html	game	simulation	space		kon-tiki
simulation/kon-tiki-lunolet-2-original.txt	simulation/kon-tiki-lunolet-2-original.md	Kon-Tiki: Lunolet-2 (TM original)	Михаил Пухов		https://web.archive.org/web/20110926100633id_/http://epizodsspace.no-ip.org/bibl/tm/1985/8/put.html	game	simulation	original;space		kon-tiki
simulation/kon-tiki-lunolet-3.txt	simulation/kon-tiki-lunolet-3.md	Kon-Tiki: Lunolet-3	Михаил Пухов		https://web.archive.org/web/20110926113753id_/http://epizodsspace.no-ip.org/bibl/tm/1985/9/put.html	game	simulation	classic;magazine;space	tekhnika-molodezhi	kon-tiki
simulation/kon-tiki-lunolet-4.txt	simulation/kon-tiki-lunolet-4.md	Kon-Tiki: Lunolet-4	Михаил Пухов		https://web.archive.org/web/20110926111035id_/http://epizodsspace.no-ip.org/bibl/tm/1986/1/put.html	game	simulation	space		kon-tiki
simulation/kon-tiki-lunolet-d-original.txt	simulation/kon-tiki-lunolet-d-original.md	Kon-Tiki: Lunolet-D (TM original)	Михаил Пухов		https://web.archive.org/web/20120614121053id_/http://epizodsspace.no-ip.org/bibl/tm/1987/6/bez_ostanova.html	game	simulation	original;space		kon-tiki
simulation/kon-tiki-mascon.txt	simulation/kon-tiki-mascon.md	Kon-Tiki: Mascon	Михаил Пухов		https://web.archive.org/web/20110926113753id_/http://epizodsspace.no-ip.org/bibl/tm/1985/9/put.html	game	simulation	space		kon-tiki
simulation/kon-tiki-mesto-pod-solntsem.txt	simulation/kon-tiki-mesto-pod-solntsem.md	Kon-Tiki: Mesto pod Solntsem	Михаил Пухов		https://web.archive.org/web/20110924184544id_/http://epizodsspace.no-ip.org/bibl/tm/1985/10/put.html	game	simulation	space		kon-tiki
simulation/kon-tiki-mr-2.txt	simulation/kon-tiki-mr-2.md	Kon-Tiki: MR-2	Михаил Пухов		https://web.archive.org/web/20150804232121id_/http://epizodsspace.no-ip.org/bibl/tm/1987/2/polet.html	game	simulation	classic;magazine;space	tekhnika-molodezhi	kon-tiki
simulation/kon-tiki-os-1.txt	simulation/kon-tiki-os-1.md	Kon-Tiki: OS-1	Михаил Пухов		https://web.archive.org/web/20110924184544id_/http://epizodsspace.no-ip.org/bibl/tm/1985/10/put.html	game	simulation	space		kon-tiki
simulation/kon-tiki-os-2-buffer.txt	simulation/kon-tiki-os-2-buffer.md	Kon-Tiki: OS-2 Buffer	Михаил Пухов		https://web.archive.org/web/20110926093055id_/http://epizodsspace.no-ip.org/bibl/tm/1985/11/put.html	game	simulation	space		kon-tiki
simulation/kon-tiki-os-2.txt	simulation/kon-tiki-os-2.md	Kon-Tiki: OS-2	Михаил Пухов		https://web.archive.org/web/20110926093055id_/http://epizodsspace.no-ip.org/bibl/tm/1985/11/put.html	game	simulation	space		kon-tiki
simulation/kon-tiki-os-3.txt	simulation/kon-tiki-os-3.md	Kon-Tiki: OS-3	Михаил Пухов		https://web.archive.org/web/20110926093055id_/http://epizodsspace.no-ip.org/bibl/tm/1985/11/put.html	game	simulation	space		kon-tiki
simulation/kon-tiki-peak.txt	simulation/kon-tiki-peak.md	Kon-Tiki: Peak	Михаил Пухов		https://web.archive.org/web/20110926113753id_/http://epizodsspace.no-ip.org/bibl/tm/1985/9/put.html	game	simulation	space		kon-tiki
simulation/kon-tiki-pk-1.txt	simulation/kon-tiki-pk-1.md	Kon-Tiki: PK-1	Михаил Пухов		https://web.archive.org/web/20110924184553id_/http://epizodsspace.no-ip.org/bibl/tm/1985/7/put.html	game	simulation	classic;magazine;space	tekhnika-molodezhi	kon-tiki
simulation/kooperativnoe-kafe-2.txt	simulation/kooperativnoe-kafe-2.md	kooperativnoe kafe 2			https://sergeanvarov.github.io/russian/mk61/games/%D0%BA%D0%BE%D0%BE%D0%BF%D0%B5%D1%80%D0%B0%D1%82%D0%B8%D0%B2%D0%BD%D0%BE%D0%B5%20%D0%BA%D0%B0%D1%84%D0%B5%202/%D0%BA%D0%BE%D0%BE%D0%BF%D0%B5%D1%80%D0%B0%D1%82%D0%B8%D0%B2%D0%BD%D0%BE%D0%B5%20%D0%BA%D0%B0%D1%84%D0%B5%202.html	game	simulation	economy;management	anvarov	cooperative-cafe
simulation/kooperativnoe-kafe.txt	simulation/kooperativnoe-kafe.md	kooperativnoe kafe			https://sergeanvarov.github.io/russian/mk61/games/%D0%BA%D0%BE%D0%BE%D0%BF%D0%B5%D1%80%D0%B0%D1%82%D0%B8%D0%B2%D0%BD%D0%BE%D0%B5%20%D0%BA%D0%B0%D1%84%D0%B5/%D0%BA%D0%BE%D0%BE%D0%BF%D0%B5%D1%80%D0%B0%D1%82%D0%B8%D0%B2%D0%BD%D0%BE%D0%B5%20%D0%BA%D0%B0%D1%84%D0%B5.html	game	simulation	economy;management	anvarov	cooperative-cafe
simulation/kosmicheskaya-stantsiya.txt	simulation/kosmicheskaya-stantsiya.md	kosmicheskaya stantsiya	Сергей Чурсанов	Евгений Кузниченко	https://lordbss.narod.ru/pmk168.html	game	simulation	classic;space	lordbss	
simulation/kosmicheskiy-kurer.txt	simulation/kosmicheskiy-kurer.md	kosmicheskiy kurer	В. Масенков, Михаил Лялин		https://lordbss.narod.ru/pmk114.html	game	simulation	classic;space	lordbss	
simulation/kosmicheskiy-perelet-dolgushin-notebook.txt	simulation/kosmicheskiy-perelet-dolgushin-notebook.md	Космический перелёт	Александр Долгушин		https://vk.com/wall-115251268_97; тетрадь Александра Долгушина "Мои игры МК-61", Рисунок (8).jpg; Рисунок (9).jpg; Рисунок (97).jpg: указание авторства	game	simulation	manuscript;space	dolgushin-notebook	
simulation/lunar-landing.txt	simulation/lunar-landing.md	Lunar Landing	Ярослав Садовский	Евгений Кузниченко	https://lordbss.narod.ru/pmk38.html	game	simulation	classic;magazine;space	tekhnika-molodezhi	lunar-landing
simulation/lunolet-1.txt	simulation/lunolet-1.md	Lunolet-1	illi4		https://habr.com/ru/articles/125484/	game	simulation	space		lunar-landing
simulation/lunolet-3.txt	simulation/lunolet-3.md	Lunolet-3	illi4		https://habr.com/ru/articles/125484/	game	simulation	space		lunar-landing
simulation/lunolet-d.txt	simulation/lunolet-d.md	Lunolet-D	illi4		https://habr.com/ru/articles/125484/	game	simulation	space		lunar-landing
simulation/lunolyot-1.txt	simulation/lunolyot-1.md	lunolyot-1			https://sergeanvarov.github.io/russian/mk61/games/%D0%BB%D1%83%D0%BD%D0%BE%D0%BB%D1%91%D1%82-1/%D0%BB%D1%83%D0%BD%D0%BE%D0%BB%D1%91%D1%82-1.html	game	simulation	classic;magazine;space	tekhnika-molodezhi	lunar-landing
simulation/lunolyot-2.txt	simulation/lunolyot-2.md	lunolyot 2			http://mk.semico.ru/prog/mk/lunolet/lun2.mkp	game	simulation	space		lunar-landing
simulation/lunolyot-d.txt	simulation/lunolyot-d.md	lunolyot-d	Dariy Akselrod		Tekhnika Molodezhi No. 6, 1987 (KEI), mirrored at https://monatkodenis.blogspot.com/2014/01/blog-post.html	game	simulation	space		lunar-landing
simulation/manager-dolgushin-notebook.txt	simulation/manager-dolgushin-notebook.md	MANAGER	автор неизвестен; редакция Александра Долгушина		https://vk.com/wall-115251268_97; тетрадь Александра Долгушина "Мои игры МК-61", Рисунок (51).jpg; Рисунок (52).jpg; Рисунок (97).jpg: указание редакции	game	simulation	economy;management;manuscript	dolgushin-notebook	
simulation/menedzher-lordbss.txt	simulation/menedzher-lordbss.md	menedzher	Олег Хажинский	Евгений Кузниченко	https://lordbss.narod.ru/pmk173.html	game	simulation	classic;economy;management	lordbss	
simulation/menedzher-renat-notebook-2.txt	simulation/menedzher-renat-notebook-2.md	МЕНЕДЖЕР	автор неизвестен		ручная перепечатка пользователя из тетради Рената Менькова "Мои игры МК-61 (Тетрадь 2)", Рисунок (6).jpg	game	simulation	economy;management;manuscript	renat-menkov-notebook	
simulation/menedzher.txt	simulation/menedzher.md	menedzher	А. Цященко, Александер Крючков		https://lordbss.narod.ru/pmk176.html	game	simulation	classic;economy;management	lordbss	
simulation/morskoe-puteshestvie-dolgushin-notebook.txt	simulation/morskoe-puteshestvie-dolgushin-notebook.md	Морское путешествие	Александр Долгушин		https://vk.com/wall-115251268_97; тетрадь Александра Долгушина "Мои игры МК-61", Рисунок (12).jpg; Рисунок (13).jpg; Рисунок (97).jpg: указание авторства	game	simulation	manuscript;naval	dolgushin-notebook	
simulation/na-gorizonte-kit.txt	simulation/na-gorizonte-kit.md	Whale on the Horizon	Boris Labutin		https://img-fotki.yandex.ru/get/26767/137106206.6d5/0_1d841a_ca6e932d_orig	game	simulation			
simulation/neboskryob.txt	simulation/neboskryob.md	neboskryob	Владимир Трофимчук	Евгений Кузниченко	https://lordbss.narod.ru/pmk224.html	game	simulation	classic	lordbss	
simulation/opasnyy-reys.txt	simulation/opasnyy-reys.md	Опасный рейс	автор неизвестен		http://arbinada.ddns.net/pmk-files/magazines/%D0%9D%D0%B0%D1%83%D0%BA%D0%B0%20%D0%B8%20%D0%B6%D0%B8%D0%B7%D0%BD%D1%8C%20%D0%9F%D0%9C%D0%9A.zip	game	simulation			
simulation/ostrov-kolkhoz.txt	simulation/ostrov-kolkhoz.md	ostrov	Владимир Алексеев	Евгений Кузниченко	https://lordbss.narod.ru/pmk243.html	game	simulation	classic;economy;magazine;management	tekhnika-molodezhi	
simulation/playboy.txt	simulation/playboy.md	Playboy	Евгений Кузниченко	Евгений Кузниченко	https://lordbss.narod.ru/pmk177.html	game	simulation	classic;military	lordbss	
simulation/podvodnye-apparaty.txt	simulation/podvodnye-apparaty.md	Подводные аппараты	Юрий Пшенник		Техника - молодежи, 1987-02	game	simulation	classic;magazine;naval	tekhnika-molodezhi	
simulation/poezdka-po-gorodu.txt	simulation/poezdka-po-gorodu.md	Поездка по городу	Г. Славин		А. Б. Бойко, Игры с микрокалькулятором, Математика, кибернетика, 1987, № 11	game	simulation			
simulation/poligon.txt	simulation/poligon.md	poligon	А. Астафьев		https://lordbss.narod.ru/pmk26.html	game	simulation	classic	lordbss	
simulation/pomoshch-polyarnikam-gaishtut-1988.txt	simulation/pomoshch-polyarnikam-gaishtut-1988.md	Помощь полярникам			А. Г. Гайштут, Калькулятор - твой помощник и соперник в играх, 1988, с. 115-117.	game	simulation	book;classic	gaishtut-1988	
simulation/posadka-gravileta.txt	simulation/posadka-gravileta.md	posadka gravileta	К. Филатов		КЛИП, "Экспресс" N10-12 (строенный) за 1991 г.	game	simulation			
simulation/posadka-na-lunu-1.txt	simulation/posadka-na-lunu-1.md	posadka na lunu 1	автор неизвестен		Посадка на Луну	game	simulation	space		lunar-landing
simulation/posadka-na-lunu-2.txt	simulation/posadka-na-lunu-2.md	posadka na lunu 2	автор неизвестен		Посадка на Луну	game	simulation	space		lunar-landing
simulation/posadka-na-lunu-kibernetika-1986.txt	simulation/posadka-na-lunu-kibernetika-1986.md	Посадка на Луну	коллектив авторов		Кибернетика. Микрокалькуляторы в играх и задачах, 1986, с. 95	game	simulation	book;classic;space	kibernetika-1986	lunar-landing
simulation/prostitutka.txt	simulation/prostitutka.md	prostitutka	С. Андрианов		https://lordbss.narod.ru/pmk178.html	game	simulation	classic	lordbss	
simulation/publichnyy-dom.txt	simulation/publichnyy-dom.md	publichnyy dom	С. Андрианов		https://lordbss.narod.ru/pmk227.html	game	simulation	classic	lordbss	
simulation/raketa-erichware.txt	simulation/raketa-erichware.md	Ракета			https://erichware.com/sovkalk/texty/mk52/52raketa.gif	game	simulation	space		
simulation/rock-star-ate-my-hamster-dolgushin-notebook.txt	simulation/rock-star-ate-my-hamster-dolgushin-notebook.md	ROCK STAR ATE MY HAMSTER	Александр Долгушин		https://vk.com/wall-115251268_97; тетрадь Александра Долгушина "Мои игры МК-61", Рисунок (91).jpg; Рисунок (92).jpg; Рисунок (93).jpg; Рисунок (94).jpg; Рисунок (97).jpg: указание авторства	game	simulation	manuscript	dolgushin-notebook	
simulation/sadist.txt	simulation/sadist.md	sadist	Евгений Кузниченко	Евгений Кузниченко	https://lordbss.narod.ru/pmk188.html	game	simulation	classic	lordbss	
simulation/samolet-erichware.txt	simulation/samolet-erichware.md	Самолет			https://erichware.com/sovkalk/texty/mk52/52samlet.gif	game	simulation	aviation		
simulation/samolet-tm-1986.txt	simulation/samolet-tm-1986.md	samolet	Владимир Лозовой		Техника-молодежи, 1986-11	game	simulation	aviation;classic;magazine	tekhnika-molodezhi	
simulation/saturn5-first-stage.txt	simulation/saturn5-first-stage.md	Saturn V First Stage (MK61)	darth.righter		https://pmk.arbinada.com/category/01619.html	game	simulation	space		
simulation/shlyukha.txt	simulation/shlyukha.md	shlyukha	А. Беликов		https://lordbss.narod.ru/pmk179.html	game	simulation	classic	lordbss	
simulation/sim-city-dolgushin-notebook.txt	simulation/sim-city-dolgushin-notebook.md	SIM CITY	Александр Долгушин		https://vk.com/wall-115251268_97; тетрадь Александра Долгушина "Мои игры МК-61", Рисунок (46).jpg; Рисунок (47).jpg; Рисунок (48).jpg; Рисунок (97).jpg: указание авторства	game	simulation	economy;management;manuscript	dolgushin-notebook	
simulation/space-travel-dolgushin-notebook.txt	simulation/space-travel-dolgushin-notebook.md	SPACE TRAVEL	Александр Долгушин		https://vk.com/wall-115251268_97; тетрадь Александра Долгушина "Мои игры МК-61", Рисунок (42).jpg; Рисунок (43).jpg; Рисунок (44).jpg; Рисунок (45).jpg; Рисунок (46).jpg; Рисунок (97).jpg: указание авторства	game	simulation	manuscript	dolgushin-notebook	
simulation/submarina.txt	simulation/submarina.md	submarina	Сергей Шинкевич	Евгений Кузниченко	https://lordbss.narod.ru/pmk208.html	game	simulation	classic;naval	lordbss	
simulation/tamagotchi.txt	simulation/tamagotchi.md	Tamagotchi	illi4		https://habr.com/ru/articles/125484/	game	simulation			
simulation/termodirizhabl.txt	simulation/termodirizhabl.md	termodirizhabl	Ю. Пшенник		Техника-молодежи, 1986-10	game	simulation	classic;magazine	tekhnika-molodezhi	
simulation/trenazher-dlya-letchikov-gaishtut-1988.txt	simulation/trenazher-dlya-letchikov-gaishtut-1988.md	Тренажер для летчиков			А. Г. Гайштут, Калькулятор - твой помощник и соперник в играх, 1988, с. 125.	trainer	simulation	aviation;book;classic	gaishtut-1988	
simulation/trenazher-dlya-letchikov-renat-notebook-2.txt	simulation/trenazher-dlya-letchikov-renat-notebook-2.md	ТРЕНАЖЁР ДЛЯ ЛЁТЧИКОВ	автор неизвестен		ручная перепечатка пользователя из тетради Рената Менькова "Мои игры МК-61 (Тетрадь 2)", Рисунок (5).jpg	trainer	simulation	aviation;manuscript	renat-menkov-notebook	
simulation/uchebnyy-polyot-bez-ucheta-topliva.txt	simulation/uchebnyy-polyot-bez-ucheta-topliva.md	Учебный полет — Вариант без учета топлива			https://xvadim.github.io/xbasoft/pmk/fly-1.zip	game	simulation	aviation;space;variant		lunar-landing
simulation/uchebnyy-polyot-modernized.txt	simulation/uchebnyy-polyot-modernized.md	uchebnyy polyot modernized	Сергей Храмов	Сергей Чуприн	Сергей Храмов	game	simulation	aviation;modernized;space		lunar-landing
simulation/uchebnyy-polyot-s-uchetom-topliva.txt	simulation/uchebnyy-polyot-s-uchetom-topliva.md	Учебный полет — Вариант с учетом топлива			https://xvadim.github.io/xbasoft/pmk/fly-2.zip	game	simulation	aviation;space;variant		lunar-landing
simulation/uchebnyy-polyot.txt	simulation/uchebnyy-polyot.md	uchebnyy polyot	Сергей Чуприн	Евгений Кузниченко	https://lordbss.narod.ru/pmk29.html; https://vk.com/wall-115251268_97; тетрадь Александра Долгушина, программа 21	game	simulation	aviation;classic;space	lordbss	lunar-landing
simulation/urozhay-ekstensivnaya-model.txt	simulation/urozhay-ekstensivnaya-model.md	urozhay	В. Алексеев; Android conversion by А. Лаврик		https://github.com/xvadim/pmk61-programms/blob/master/harvest-e.pmk	game	simulation	economy	xvadim	harvest
simulation/urozhay-intensivnaya-model.txt	simulation/urozhay-intensivnaya-model.md	urozhay	В. Алексеев; Android conversion by А. Лаврик		https://github.com/xvadim/pmk61-programms/blob/master/harvest-i.pmk	game	simulation	economy	xvadim	harvest
simulation/vertol-2.txt	simulation/vertol-2.md	Vertol-2	Сергей Тарасов, Станислав Чегодаев		https://lordbss.narod.ru/pmk212.html	game	simulation	aviation;classic	lordbss	helicopter
simulation/vertol-2d.txt	simulation/vertol-2d.md	Vertol-2D	Сергей Тарасов		https://blog.arbinada.com/ru/category/00052.html	game	simulation	aviation		helicopter
simulation/vertol-3.txt	simulation/vertol-3.md	Vertol-3	Сергей Тарасов	Евгений Кузниченко	https://lordbss.narod.ru/pmk213.html	game	simulation	aviation;classic	lordbss	helicopter
simulation/vertol.txt	simulation/vertol.md	Vertol	Сергей Тарасов	Евгений Кузниченко	https://lordbss.narod.ru/pmk211.html	game	simulation	aviation;classic	lordbss	helicopter
simulation/videosalon.txt	simulation/videosalon.md	videosalon	С. Бекетов		https://lordbss.narod.ru/pmk170.html	game	simulation	classic;economy;management	lordbss	
simulation/virus-lordbss.txt	simulation/virus-lordbss.md	virus	Владимир Трофимчук	Евгений Кузниченко	https://lordbss.narod.ru/pmk169.html	game	simulation	classic	lordbss	
simulation/virus.txt	simulation/virus.md	Virus	Александер Крючков	Евгений Кузниченко	https://lordbss.narod.ru/pmk08.html	game	simulation	classic	lordbss	
simulation/vostok-1-atmosphere.txt	simulation/vostok-1-atmosphere.md	Vostok-1 Atmosphere Program	darth.righter		https://pmk.arbinada.com/category/01621.html	game	simulation	space		vostok-1
simulation/vostok-1-carrier.txt	simulation/vostok-1-carrier.md	Vostok-1 Carrier Vehicle	darth.righter		https://pmk.arbinada.com/category/01621.html	game	simulation	space		vostok-1
simulation/yadernyy-reaktor.txt	simulation/yadernyy-reaktor.md	yadernyy reaktor	Андрей Ивушкин	Евгений Кузниченко	https://lordbss.narod.ru/pmk252.html	game	simulation	classic	lordbss	
sports/arctic-race-ii-dolgushin-notebook.txt	sports/arctic-race-ii-dolgushin-notebook.md	ARCTIC RACE II	Александр Долгушин		https://vk.com/wall-115251268_97; тетрадь Александра Долгушина "Мои игры МК-61", Рисунок (33).jpg; Рисунок (34).jpg; Рисунок (97).jpg: указание авторства	game	sports	manuscript;racing	dolgushin-notebook	
sports/avtogonki-renat-notebook-2.txt	sports/avtogonki-renat-notebook-2.md	АВТОГОНКИ	автор неизвестен		ручная перепечатка пользователя из тетради Рената Менькова "Мои игры МК-61 (Тетрадь 2)", Рисунок (1).jpg; Рисунок (2).jpg	game	sports	manuscript;racing	renat-menkov-notebook	
sports/avtogonki.txt	sports/avtogonki.md	avtogonki	Михаил Храмов	Евгений Кузниченко	https://lordbss.narod.ru/pmk95.html	game	sports	classic;racing	lordbss	
sports/avtoprobeg-dolgushin-notebook.txt	sports/avtoprobeg-dolgushin-notebook.md	Автопробег	автор неизвестен		https://vk.com/wall-115251268_97; тетрадь Александра Долгушина "Мои игры МК-61", Рисунок (5).jpg	game	sports	manuscript;racing	dolgushin-notebook	
sports/avtoralli-1-gaishtut-1988.txt	sports/avtoralli-1-gaishtut-1988.md	Авторалли-1			А. Г. Гайштут, Калькулятор - твой помощник и соперник в играх, 1988, с. 160-161.	game	sports	book;classic;racing	gaishtut-1988	
sports/avtoralli-2-gaishtut-1988.txt	sports/avtoralli-2-gaishtut-1988.md	Авторалли-2			А. Г. Гайштут, Калькулятор - твой помощник и соперник в играх, 1988, с. 163.	game	sports	book;classic;racing	gaishtut-1988	
sports/badminton.txt	sports/badminton.md	badminton	Ю. Байков, Михаил Лялин		https://lordbss.narod.ru/pmk128.html	game	sports	classic	lordbss	
sports/biatlon.txt	sports/biatlon.md	biatlon	Владимир Сивицкий	Евгений Кузниченко	https://lordbss.narod.ru/pmk122.html	game	sports	classic	lordbss	
sports/billiard-gaishtut-1988.txt	sports/billiard-gaishtut-1988.md	Биллиард			А. Г. Гайштут, Калькулятор - твой помощник и соперник в играх, 1988, с. 145-146.	game	sports	book;classic	gaishtut-1988	
sports/boks-2.txt	sports/boks-2.md	boks-2	Евгений Кузниченко	Евгений Кузниченко	https://lordbss.narod.ru/pmk10.html	game	sports	classic	lordbss	
sports/boxing.txt	sports/boxing.md	Boxing	Mikhail Karasev		https://lordbss.narod.ru/pmk00.html; https://vk.com/wall-115251268_97; тетрадь Александра Долгушина "Мои игры МК-61", страницы 18-19	game	sports	classic	lordbss	
sports/camel-trophy.txt	sports/camel-trophy.md	Camel Trophy	Павел Меркулов	Евгений Кузниченко	https://lordbss.narod.ru/pmk87.html	game	sports	classic	lordbss	
sports/detskiy-billiard-gaishtut-1988.txt	sports/detskiy-billiard-gaishtut-1988.md	Детский бильярд			А. Г. Гайштут, Калькулятор - твой помощник и соперник в играх, 1988, с. 175.	game	sports	book;classic	gaishtut-1988	
sports/elektronnye-gorodki-gaishtut-1988.txt	sports/elektronnye-gorodki-gaishtut-1988.md	Электронные городки			А. Г. Гайштут, Калькулятор - твой помощник и соперник в играх, 1988, с. 231-232.	game	sports	book;classic	gaishtut-1988	
sports/elektronnye-gorodki.txt	sports/elektronnye-gorodki.md	elektronnye gorodki	А. Зайцев		https://lordbss.narod.ru/pmk129.html	game	sports	classic	lordbss	
sports/fifa-2001-taktic-game-dolgushin-notebook-2.txt	sports/fifa-2001-taktic-game-dolgushin-notebook-2.md	FIFA 2001 TAKTIC GAME	Александр Долгушин		https://vk.com/wall-115251268_126; ручная перепечатка пользователя из второй тетради Александра Долгушина "Мои игры МК-61", программа 60, страница 27	game	sports	manuscript	dolgushin-notebook	
sports/formula-1-dolgushin-notebook.txt	sports/formula-1-dolgushin-notebook.md	FORMULA-1	Александр Долгушин		https://vk.com/wall-115251268_97; тетрадь Александра Долгушина "Мои игры МК-61", Рисунок (34).jpg; Рисунок (35).jpg; Рисунок (36).jpg; Рисунок (97).jpg: указание авторства	game	sports	manuscript;racing	dolgushin-notebook	
sports/futbol-vratar-dolgushin-notebook.txt	sports/futbol-vratar-dolgushin-notebook.md	Футбол	автор неизвестен		https://vk.com/wall-115251268_97; тетрадь Александра Долгушина "Мои игры МК-61", Рисунок (3).jpg; Рисунок (4).jpg	game	sports	manuscript	dolgushin-notebook	
sports/futbol.txt	sports/futbol.md	futbol	Александр Михолап	Евгений Кузниченко	https://lordbss.narod.ru/pmk126.html	game	sports	classic	lordbss	
sports/futbolnyy-match.txt	sports/futbolnyy-match.md	Футбольный матч			https://web.archive.org/web/20091020020922/http://geocities.com/CapeCanaveral/Hall/5525/Random/soccerru.htm	game	sports		geocities-bulatov	
sports/gonki-na-aerosanyakh-renat-notebook.txt	sports/gonki-na-aerosanyakh-renat-notebook.md	Гонки на аэросанях	автор неизвестен		тетрадь Рената Менькова "Мои игры МК-61 (Тетрадь 2)", Рисунок (9).jpg; Рисунок (10).jpg	game	sports	manuscript;racing	renat-menkov-notebook	
sports/gonki-na-zimnem-ozere.txt	sports/gonki-na-zimnem-ozere.md	gonki na zimnem ozere	Игорь Данилов	Евгений Кузниченко	https://lordbss.narod.ru/pmk240.html	game	sports	classic;magazine;racing	tekhnika-molodezhi	
sports/horses-race-dolgushin-notebook.txt	sports/horses-race-dolgushin-notebook.md	HORSES RACE	Александр Долгушин		https://vk.com/wall-115251268_97; тетрадь Александра Долгушина "Мои игры МК-61", Рисунок (58).jpg; Рисунок (59).jpg; Рисунок (97).jpg: указание авторства	game	sports	manuscript;racing	dolgushin-notebook	
sports/karate-2.txt	sports/karate-2.md	karate-2	Павел Меркулов	Евгений Кузниченко	https://lordbss.narod.ru/pmk40.html	game	sports	classic	lordbss	karate
sports/karate-m.txt	sports/karate-m.md	karate-m	Александр Михолап	Евгений Кузниченко	https://lordbss.narod.ru/pmk31.html	game	sports	classic	lordbss	karate
sports/karate-xm.txt	sports/karate-xm.md	karate-XM	автор неизвестен	Евгений Кузниченко	https://lordbss.narod.ru/pmk50.html	game	sports	classic	lordbss	karate
sports/karate.txt	sports/karate.md	karate	Роман Шубочкин	Евгений Кузниченко	https://lordbss.narod.ru/pmk30.html	game	sports	classic	lordbss	karate
sports/kaskadyor.txt	sports/kaskadyor.md	kaskadyor	Владимир Лазарев	Евгений Кузниченко	https://lordbss.narod.ru/pmk89.html	game	sports	classic	lordbss	
sports/kendo.txt	sports/kendo.md	kendo	С. Ефремов, Михаил Лялин		https://lordbss.narod.ru/pmk17.html	game	sports	classic	lordbss	
sports/mikrovoleybol-1-gaishtut-1988.txt	sports/mikrovoleybol-1-gaishtut-1988.md	Микроволейбол-1			А. Г. Гайштут, Калькулятор - твой помощник и соперник в играх, 1988, с. 151-153.	game	sports	book;classic	gaishtut-1988	
sports/mikrovoleybol-2-gaishtut-1988.txt	sports/mikrovoleybol-2-gaishtut-1988.md	Микроволейбол-2			А. Г. Гайштут, Калькулятор - твой помощник и соперник в играх, 1988, с. 155-156.	game	sports	book;classic	gaishtut-1988	
sports/moto.txt	sports/moto.md	moto	Сергей Устюгов	Евгений Кузниченко	https://lordbss.narod.ru/pmk98.html	game	sports	classic;racing	lordbss	
sports/new-rally.txt	sports/new-rally.md	New Rally	Сергей Чурсанов	Евгений Кузниченко	https://lordbss.narod.ru/pmk94.html	game	sports	classic;racing	lordbss	
sports/nochnaya-trassa.txt	sports/nochnaya-trassa.md	Ночная трасса	Сергей Тарасов		https://old.computerra.ru/hitech/206244/	game	sports	racing		
sports/obgon.txt	sports/obgon.md	obgon	Евгений Кузниченко	Евгений Кузниченко	https://lordbss.narod.ru/pmk86.html	game	sports	classic;racing	lordbss	
sports/popast-v-tsel-gaishtut-1988.txt	sports/popast-v-tsel-gaishtut-1988.md	Попасть в цель			А. Г. Гайштут, Калькулятор - твой помощник и соперник в играх, 1988, с. 133-135.	game	sports	book;classic	gaishtut-1988	
sports/professional-box.txt	sports/professional-box.md	Professional Box	автор неизвестен	Евгений Кузниченко	https://lordbss.narod.ru/pmk20.html	game	sports	classic	lordbss	
sports/rally.txt	sports/rally.md	Rally	illi4		https://habr.com/ru/articles/125484/; https://github.com/xvadim/pmk61-programms/blob/master/rally.pmk	game	sports	classic;magazine;racing	tekhnika-molodezhi	
sports/regata.txt	sports/regata.md	Регата	Г. Гурьянов		А. Б. Бойко, Игры с микрокалькулятором, Математика, кибернетика, 1987, № 11	game	sports	naval		
sports/rybalka.txt	sports/rybalka.md	rybalka	А. Лотохов		https://lordbss.narod.ru/pmk186.html	game	sports	classic	lordbss	
sports/sailing-regatta.txt	sports/sailing-regatta.md	Sailing Regatta	L. M. Fink		Финк Л.М., Папа, мама, я и микрокалькулятор (1988)	game	sports	book;classic	fink-1988	
sports/ski-98-dolgushin-notebook.txt	sports/ski-98-dolgushin-notebook.md	SKi-'98	Александр Долгушин		https://vk.com/wall-115251268_97; тетрадь Александра Долгушина "Мои игры МК-61", Рисунок (40).jpg; Рисунок (41).jpg; Рисунок (42).jpg; Рисунок (97).jpg: указание авторства	game	sports	manuscript	dolgushin-notebook	
sports/smeshannyy-marafon-dolgushin-notebook.txt	sports/smeshannyy-marafon-dolgushin-notebook.md	Смешанный марафон	автор неизвестен		https://vk.com/wall-115251268_97; тетрадь Александра Долгушина "Мои игры МК-61", Рисунок (4).jpg; Рисунок (5).jpg	game	sports	manuscript	dolgushin-notebook	
sports/soccer-manager-dolgushin-notebook.txt	sports/soccer-manager-dolgushin-notebook.md	SOCCER MANAGER	Александр Долгушин		https://vk.com/wall-115251268_97; тетрадь Александра Долгушина "Мои игры МК-61", Рисунок (94).jpg; Рисунок (95).jpg; Рисунок (96).jpg; Рисунок (97).jpg: указание авторства	game	sports	economy;management;manuscript	dolgushin-notebook	
sports/sorevnovanie-yunykh-kartingistov-1-gaishtut-1988.txt	sports/sorevnovanie-yunykh-kartingistov-1-gaishtut-1988.md	Соревнование юных картингистов-1			А. Г. Гайштут, Калькулятор - твой помощник и соперник в играх, 1988, с. 109-110.	game	sports	book;classic;racing	gaishtut-1988	
sports/sorevnovanie-yunykh-kartingistov-2-gaishtut-1988.txt	sports/sorevnovanie-yunykh-kartingistov-2-gaishtut-1988.md	Соревнование юных картингистов-2			А. Г. Гайштут, Калькулятор - твой помощник и соперник в играх, 1988, с. 112-113.	game	sports	book;classic;racing	gaishtut-1988	
sports/strelba-v-tsel-iz-luka-gaishtut-1988.txt	sports/strelba-v-tsel-iz-luka-gaishtut-1988.md	Стрельба в цель из лука			А. Г. Гайштут, Калькулятор - твой помощник и соперник в играх, 1988, с. 129-131.	game	sports	book;classic	gaishtut-1988	
sports/supertrassa.txt	sports/supertrassa.md	supertrassa	Сергей Устюгов	Евгений Кузниченко	https://lordbss.narod.ru/pmk85.html	game	sports	classic;racing	lordbss	
sports/tolkanie-yadra-romanovsky-1989.txt	sports/tolkanie-yadra-romanovsky-1989.md	Толкание ядра	Т. Б. Романовский		Т. Б. Романовский, Микрокалькуляторы в рассказах и играх, Киев: Радянська школа, 1989, с. 216-217	game	sports	book;classic	romanovsky-1989	
sports/trassa.txt	sports/trassa.md	trassa	Сергей Чурсанов	Евгений Кузниченко	https://lordbss.narod.ru/pmk84.html	game	sports	classic;racing	lordbss	
sports/turboslalom.txt	sports/turboslalom.md	Turboslalom	Константин Сергеев	Евгений Кузниченко	https://lordbss.narod.ru/pmk124.html	game	sports	classic;racing	lordbss	
sports/virtua-soccer-dolgushin-notebook.txt	sports/virtua-soccer-dolgushin-notebook.md	VIRTUA SOCCER	Александр Долгушин		https://vk.com/wall-115251268_97; тетрадь Александра Долгушина "Мои игры МК-61", Рисунок (79).jpg; Рисунок (80).jpg; Рисунок (81).jpg; Рисунок (82).jpg; Рисунок (97).jpg: указание авторства	game	sports	manuscript	dolgushin-notebook	
sports/volvo.txt	sports/volvo.md	volvo	Евгений Кузниченко	Евгений Кузниченко	https://lordbss.narod.ru/pmk88.html	game	sports	classic	lordbss	
sports/vratar.txt	sports/vratar.md	vratar	Владимир Лазарев	Евгений Кузниченко	https://lordbss.narod.ru/pmk229.html	game	sports	classic	lordbss	
sports/yakhta-erichware.txt	sports/yakhta-erichware.md	Яхта			https://erichware.com/sovkalk/texty/mk52/52korabl.gif	game	sports	naval		
sports/zhokey.txt	sports/zhokey.md	zhokey	Владимир Трофимчук	Евгений Кузниченко	https://lordbss.narod.ru/pmk123.html	game	sports	classic	lordbss	
strategy/agressiya.txt	strategy/agressiya.md	agressiya	Вадим Куняев	Евгений Кузниченко	https://lordbss.narod.ru/pmk57.html	game	strategy	classic	lordbss	
strategy/armageddon-man-dolgushin-notebook.txt	strategy/armageddon-man-dolgushin-notebook.md	ARMAGEDDON MAN	Александр Долгушин		https://vk.com/wall-115251268_97; тетрадь Александра Долгушина "Мои игры МК-61", Рисунок (71).jpg; Рисунок (72).jpg; Рисунок (73).jpg; Рисунок (74).jpg; Рисунок (97).jpg: указание авторства	game	strategy	manuscript	dolgushin-notebook	
strategy/ataka-erichware.txt	strategy/ataka-erichware.md	Атака			https://erichware.com/sovkalk/texty/mk52/52ataka.gif	game	strategy	military		
strategy/bastion.txt	strategy/bastion.md	Бастион	Владимир Сивицкий		http://arbinada.ddns.net/pmk-files/magazines/%D0%9F%D0%B8%D0%BE%D0%BD%D0%B5%D1%80%D0%B8%D1%8F%201990-91%20%D0%9F%D0%9C%D0%9A.zip; https://vk.com/wall-115251268_97; тетрадь Александра Долгушина "Мои игры МК-61", страницы 19-20	game	strategy			
strategy/beregovaya-oborona-gaishtut-1988.txt	strategy/beregovaya-oborona-gaishtut-1988.md	Береговая оборона			А. Г. Гайштут, Калькулятор - твой помощник и соперник в играх, 1988, с. 137-139.	game	strategy	book;classic;military	gaishtut-1988	
strategy/bitva-3.txt	strategy/bitva-3.md	Bitva-3	Евгений Темежников	Евгений Кузниченко	http://arbinada.ddns.net/pmk-files/magazines/%D0%A2%D0%B5%D1%85%D0%BD%D0%B8%D0%BA%D0%B0%20%D0%BC%D0%BE%D0%BB%D0%BE%D0%B4%D0%B5%D0%B6%D0%B8%201985-1988%20%D0%9F%D0%9C%D0%9A.zip	game	strategy	military		
strategy/bitva-4.txt	strategy/bitva-4.md	bitva-4	Евгений Кузниченко	Евгений Кузниченко	https://lordbss.narod.ru/pmk44.html	game	strategy	classic;magazine;military	tekhnika-molodezhi	
strategy/bitva-kei-1988.txt	strategy/bitva-kei-1988.md	Bitva: KEI Variant	Вячеслав Алексеев	Евгений Кузниченко	http://arbinada.ddns.net/pmk-files/magazines/%D0%A2%D0%B5%D1%85%D0%BD%D0%B8%D0%BA%D0%B0%20%D0%BC%D0%BE%D0%BB%D0%BE%D0%B4%D0%B5%D0%B6%D0%B8%201985-1988%20%D0%9F%D0%9C%D0%9A.zip	game	strategy	military;variant		
strategy/bitva-pshennik.txt	strategy/bitva-pshennik.md	Bitva: Pshennik Variant	Юрий Пшенник	Евгений Кузниченко	http://arbinada.ddns.net/pmk-files/magazines/%D0%A2%D0%B5%D1%85%D0%BD%D0%B8%D0%BA%D0%B0%20%D0%BC%D0%BE%D0%BB%D0%BE%D0%B4%D0%B5%D0%B6%D0%B8%201985-1988%20%D0%9F%D0%9C%D0%9A.zip	game	strategy	military;variant		
strategy/blokada.txt	strategy/blokada.md	blokada	Александер Крючков	Евгений Кузниченко	https://lordbss.narod.ru/pmk135.html	game	strategy	classic	lordbss	
strategy/dark-empire-dolgushin-notebook.txt	strategy/dark-empire-dolgushin-notebook.md	DARK EMPIRE	Александр Долгушин		https://vk.com/wall-115251268_97; тетрадь Александра Долгушина "Мои игры МК-61", Рисунок (66).jpg; Рисунок (67).jpg; Рисунок (68).jpg; Рисунок (97).jpg: указание авторства	game	strategy	manuscript	dolgushin-notebook	
strategy/dune-ii-3d-rus-dolgushin-notebook.txt	strategy/dune-ii-3d-rus-dolgushin-notebook.md	DUNE II 3D RUS	Александр Долгушин		https://vk.com/wall-115251268_97; тетрадь Александра Долгушина "Мои игры МК-61", Рисунок (28).jpg; Рисунок (29).jpg; Рисунок (30).jpg; Рисунок (97).jpg: указание авторства	game	strategy	manuscript	dolgushin-notebook	dune
strategy/dune-ii-dolgushin-notebook.txt	strategy/dune-ii-dolgushin-notebook.md	Dune II	Александр Долгушин		https://vk.com/wall-115251268_97; тетрадь Александра Долгушина "Мои игры МК-61", Рисунок (13).jpg; Рисунок (14).jpg; Рисунок (97).jpg: указание авторства	game	strategy	manuscript	dolgushin-notebook	dune
strategy/dune-iii-no-fate-dolgushin-notebook.txt	strategy/dune-iii-no-fate-dolgushin-notebook.md	DUNE III: NO FATE	Александр Долгушин		https://vk.com/wall-115251268_97; тетрадь Александра Долгушина "Мои игры МК-61", Рисунок (88).jpg; Рисунок (89).jpg; Рисунок (90).jpg; Рисунок (91).jpg; Рисунок (97).jpg: указание авторства	game	strategy	manuscript	dolgushin-notebook	dune
strategy/i-c-p.txt	strategy/i-c-p.md	I.C.P.	Александр Михолап	Евгений Кузниченко	https://lordbss.narod.ru/pmk230.html	game	strategy	classic	lordbss	
strategy/korolevstvo.txt	strategy/korolevstvo.md	korolevstvo	Б. Воронкевич		https://lordbss.narod.ru/pmk245.html	game	strategy	classic;fantasy;magazine	tekhnika-molodezhi	
strategy/monopoliya.txt	strategy/monopoliya.md	monopoliya	Олег Хажинский	Евгений Кузниченко	https://lordbss.narod.ru/pmk174.html	game	strategy	classic	lordbss	
strategy/morskoy-boy-1-kibernetika-1986.txt	strategy/morskoy-boy-1-kibernetika-1986.md	Морской бой I	коллектив авторов		Кибернетика. Микрокалькуляторы в играх и задачах, 1986, с. 130	game	strategy	book;classic;military;naval	kibernetika-1986	sea-battle
strategy/morskoy-boy-2-kibernetika-1986.txt	strategy/morskoy-boy-2-kibernetika-1986.md	Морской бой II	коллектив авторов		Кибернетика. Микрокалькуляторы в играх и задачах, 1986, с. 137	game	strategy	book;classic;military;naval	kibernetika-1986	sea-battle
strategy/morskoy-boy-dolgushin-bloknot.txt	strategy/morskoy-boy-dolgushin-bloknot.md	Морской бой	Александр Долгушин		https://vk.com/wall-115251268_134; блокнот Александра Долгушина, страницы 01.jpg-05.jpg; ручная перепечатка пользователя	game	strategy	manuscript;military;naval	dolgushin-notebook	sea-battle
strategy/morskoy-boy-gaishtut-1988.txt	strategy/morskoy-boy-gaishtut-1988.md	Морской бой			А. Г. Гайштут, Калькулятор - твой помощник и соперник в играх, 1988, с. 177-179; https://vk.com/wall-115251268_97; тетрадь Александра Долгушина "Мои игры МК-61", страница 15	game	strategy	book;classic;military;naval	gaishtut-1988	sea-battle
strategy/morskoy-boy-igra-erichware.txt	strategy/morskoy-boy-igra-erichware.md	Морской бой: игра			https://erichware.com/sovkalk/texty/mk52/52morboi.gif	game	strategy	military;naval		sea-battle
strategy/morskoy-boy-rasstanovka-erichware.txt	strategy/morskoy-boy-rasstanovka-erichware.md	Морской бой: расстановка			https://erichware.com/sovkalk/texty/mk52/52morboi.gif	game	strategy	military;naval		sea-battle
strategy/morskoy-boy-srazhenie-erichware.txt	strategy/morskoy-boy-srazhenie-erichware.md	Сражение			https://erichware.com/sovkalk/texty/mk52/52srajen.gif	game	strategy	military;naval		sea-battle
strategy/morskoy-boy-xvadim.txt	strategy/morskoy-boy-xvadim.md	morskoy boy	Г. Горовой; Android conversion by А. Лаврик		https://github.com/xvadim/pmk61-programms/blob/master/naval_battle.pmk	game	strategy	military;naval	xvadim	sea-battle
strategy/naval-battle.txt	strategy/naval-battle.md	Naval Battle	illi4		https://habr.com/ru/articles/125484/	game	strategy	naval		sea-battle
strategy/neulovimaya-podvodnaya-lodka-gaishtut-1988.txt	strategy/neulovimaya-podvodnaya-lodka-gaishtut-1988.md	Неуловимая подводная лодка			А. Г. Гайштут, Калькулятор - твой помощник и соперник в играх, 1988, с. 149-150.	game	strategy	book;classic;naval	gaishtut-1988	
strategy/nochnoy-boy.txt	strategy/nochnoy-boy.md	Ночной бой			https://xvadim.github.io/xbasoft/pmk/night_battle.zip	game	strategy	military;two-player		
strategy/obnaruzhit-i-unichtozhit-lineynyy-korabl-gaishtut-1988.txt	strategy/obnaruzhit-i-unichtozhit-lineynyy-korabl-gaishtut-1988.md	Обнаружить и уничтожить линейный корабль			А. Г. Гайштут, Калькулятор - твой помощник и соперник в играх, 1988, с. 165-167.	game	strategy	book;classic	gaishtut-1988	
strategy/polyot-v-sozvezdie-chyornykh-dyr.txt	strategy/polyot-v-sozvezdie-chyornykh-dyr.md	polyot v sozvezdie chyornykh dyr	А. Н. Гришин		https://lordbss.narod.ru/pmk139.html	game	strategy	aviation;classic	lordbss	
strategy/potopi-korabl-dolgushin-notebook.txt	strategy/potopi-korabl-dolgushin-notebook.md	Потопи корабль	автор неизвестен		https://vk.com/wall-115251268_97; тетрадь Александра Долгушина "Мои игры МК-61", Рисунок (10).jpg; Рисунок (11).jpg	game	strategy	manuscript	dolgushin-notebook	
strategy/sea-battle.txt	strategy/sea-battle.md	Морской бой	С. Р. Анваров		https://sergeanvarov.github.io/russian/mk61/games/%D0%BC%D0%BE%D1%80%D1%81%D0%BA%D0%BE%D0%B9%20%D0%B1%D0%BE%D0%B9/%D0%BC%D0%BE%D1%80%D1%81%D0%BA%D0%BE%D0%B9%20%D0%B1%D0%BE%D0%B9.html	game	strategy	naval;vs-calculator	anvarov	sea-battle
strategy/spartak.txt	strategy/spartak.md	spartak	Вадим Куняев, Владимир Трофимчук		https://lordbss.narod.ru/pmk146.html	game	strategy	classic	lordbss	
strategy/strategicheskaya-bombardirovka.txt	strategy/strategicheskaya-bombardirovka.md	strategicheskaya bombardirovka	Сергей Тарасов	Евгений Кузниченко	https://lordbss.narod.ru/pmk215.html	game	strategy	classic;military	lordbss	
strategy/tank-battle-math-variant.txt	strategy/tank-battle-math-variant.md	Tank Battle	illi4		https://habr.com/ru/articles/125484/	game	strategy	military;variant		tank-battle
strategy/tank-battle-realistic-variant.txt	strategy/tank-battle-realistic-variant.md	Tank Battle	illi4		https://habr.com/ru/articles/125484/	game	strategy	military;variant		tank-battle
strategy/tank-battle.txt	strategy/tank-battle.md	Tank Battle	illi4		https://habr.com/ru/articles/125484/	game	strategy	military		tank-battle
strategy/tankovaya-ataka-gaishtut-1988.txt	strategy/tankovaya-ataka-gaishtut-1988.md	Танковая атака			А. Г. Гайштут, Калькулятор - твой помощник и соперник в играх, 1988, с. 120-121.	game	strategy	book;classic;military	gaishtut-1988	
strategy/tankovaya-ataka-renat-notebook-2.txt	strategy/tankovaya-ataka-renat-notebook-2.md	ТАНКОВАЯ АТАКА	автор неизвестен		ручная перепечатка пользователя из тетради Рената Менькова "Мои игры МК-61 (Тетрадь 2)", Рисунок (2).jpg; Рисунок (3).jpg; Рисунок (4).jpg; Рисунок (5).jpg	game	strategy	manuscript;military	renat-menkov-notebook	
strategy/tankovaya-bataliya-matematicheskiy-boy.txt	strategy/tankovaya-bataliya-matematicheskiy-boy.md	Танковая баталия, математический бой	Сергей Храмов		PDF "Танковая баталия", 2016	game	strategy	military		tank-battle
strategy/tankovaya-bataliya-realnyy-boy.txt	strategy/tankovaya-bataliya-realnyy-boy.md	Танковая баталия, реальный бой	Сергей Храмов		PDF "Танковая баталия", 2016	game	strategy	military		tank-battle
strategy/torpednaya-ataka-dolgushin-notebook.txt	strategy/torpednaya-ataka-dolgushin-notebook.md	Торпедная атака	автор неизвестен		https://vk.com/wall-115251268_97; тетрадь Александра Долгушина "Мои игры МК-61", Рисунок (5).jpg; Рисунок (6).jpg	game	strategy	manuscript;military;naval	dolgushin-notebook	
strategy/unichtozhit-lineynyy-korabl-dolgushin-notebook.txt	strategy/unichtozhit-lineynyy-korabl-dolgushin-notebook.md	Уничтожить линейный корабль	Александр Долгушин		https://vk.com/wall-115251268_97; тетрадь Александра Долгушина "Мои игры МК-61", Рисунок (26).jpg; Рисунок (97).jpg: указание авторства	game	strategy	manuscript	dolgushin-notebook	
strategy/viking-intervent.txt	strategy/viking-intervent.md	viking-intervent	Евгений Кузниченко	Евгений Кузниченко	https://lordbss.narod.ru/pmk23.html	game	strategy	classic;fantasy	lordbss	
strategy/viking-korol.txt	strategy/viking-korol.md	viking-korol	Евгений Кузниченко	Евгений Кузниченко	https://lordbss.narod.ru/pmk22.html	game	strategy	classic;fantasy	lordbss	
strategy/viking-zavoevatel.txt	strategy/viking-zavoevatel.md	viking-zavoevatel	Евгений Век, Сергей Устюгов	Евгений Кузниченко	https://lordbss.narod.ru/pmk21.html	game	strategy	classic;fantasy	lordbss	
strategy/zashchita-ot-napadeniya.txt	strategy/zashchita-ot-napadeniya.md	zashchita ot napadeniya	Сергей Чурсанов	Евгений Кузниченко	https://lordbss.narod.ru/pmk110.html	game	strategy	classic;military	lordbss	
strategy/zashchitnik-2.txt	strategy/zashchitnik-2.md	zashchitnik-2	Дмитрий Моргунов	Евгений Кузниченко	https://lordbss.narod.ru/pmk12.html	game	strategy	classic;military	lordbss	defender
strategy/zashchitnik-3.txt	strategy/zashchitnik-3.md	zashchitnik-3	Дмитрий Моргунов	Евгений Кузниченко	https://lordbss.narod.ru/pmk48.html	game	strategy	classic;military	lordbss	defender
strategy/zashchitnik.txt	strategy/zashchitnik.md	zashchitnik	Дмитрий Моргунов	Евгений Кузниченко	https://lordbss.narod.ru/pmk11.html	game	strategy	classic;military	lordbss	defender
utilities/annuity-loan-serge4mk.txt	utilities/annuity-loan-serge4mk.md	raschet annuitetnogo kredita	serge4mk	С. Р. Анваров	https://4pda.to/forum/index.php?showtopic=748847&view=findpost&p=108340599	utility	utilities			
utilities/balanced-ternary-converter.txt	utilities/balanced-ternary-converter.md	Balanced Ternary Converter	RusCalc		https://habr.com/ru/articles/505612/	utility	utilities			
utilities/calendar-past-future.txt	utilities/calendar-past-future.md	Calendar for the Past and the Future	Вячеслав Алексеев	Евгений Кузниченко	Техника-молодежи, 1987-01	utility	utilities	classic;magazine	tekhnika-molodezhi	
utilities/clock.txt	utilities/clock.md	Программа-часы	С. Конин, А. Шарапов		https://monatkodenis.blogspot.com/2014/01/blog-post.html	utility	utilities			
utilities/data-i-ritmy-dolgushin-bloknot.txt	utilities/data-i-ritmy-dolgushin-bloknot.md	ДАТА и РИТМЫ	автор неизвестен		https://vk.com/wall-115251268_134; блокнот Александра Долгушина, страницы 06.jpg-09.jpg; ручная перепечатка пользователя	utility	utilities	manuscript	dolgushin-notebook	
utilities/e-94-digits.txt	utilities/e-94-digits.md	94 цифры числа e			https://sergeanvarov.github.io/russian/mk61/other/94%20%D1%86%D0%B8%D1%84%D1%80%D1%8B%20%D1%87%D0%B8%D1%81%D0%BB%D0%B0%20e/94%20%D1%86%D0%B8%D1%84%D1%80%D1%8B%20%D1%87%D0%B8%D1%81%D0%BB%D0%B0%20e.html	utility	utilities		anvarov	
utilities/easter-date-passover-alt.txt	utilities/easter-date-passover-alt.md	Easter Date Helper (Ascension and Pentecost)	Русский		https://pmk.arbinada.com/category/00935.html	utility	utilities			
utilities/easter-date-passover.txt	utilities/easter-date-passover.md	Easter Date (Orthodox, Primary)	Русский		https://pmk.arbinada.com/category/00935.html	utility	utilities			
utilities/generator-sluchaynykh-chisel-romanovsky-1989.txt	utilities/generator-sluchaynykh-chisel-romanovsky-1989.md	Генератор случайных чисел	Т. Б. Романовский		Т. Б. Романовский, Микрокалькуляторы в рассказах и играх, Киев: Радянська школа, 1989, с. 209	utility	utilities	book;classic	romanovsky-1989	
utilities/kalendar-xx-stoletiya-romanovsky-1989.txt	utilities/kalendar-xx-stoletiya-romanovsky-1989.md	Календарь XX столетия	Т. Б. Романовский		Т. Б. Романовский, Микрокалькуляторы в рассказах и играх, Киев: Радянська школа, 1989, с. 206-208	utility	utilities	book;classic	romanovsky-1989	
utilities/kvur-quadratic-no-register.txt	utilities/kvur-quadratic-no-register.md	Quadratic Equation Solver without Registers (MK61/52)	st		https://pmk.arbinada.com/category/01167.html	utility	utilities			
utilities/kvur-quadratic-register.txt	utilities/kvur-quadratic-register.md	Quadratic Equation Solver with Registers (MK61/52)	st		https://pmk.arbinada.com/category/01167.html	utility	utilities			
utilities/ploshchad-tela-cheloveka-romanovsky-1989.txt	utilities/ploshchad-tela-cheloveka-romanovsky-1989.md	Площадь тела человека	Т. Б. Романовский		Т. Б. Романовский, Микрокалькуляторы в рассказах и играх, Киев: Радянська школа, 1989, с. 203	utility	utilities	book;classic	romanovsky-1989	
utilities/put-tormozheniya-romanovsky-1989.txt	utilities/put-tormozheniya-romanovsky-1989.md	Путь торможения	Т. Б. Романовский		Т. Б. Романовский, Микрокалькуляторы в рассказах и играх, Киев: Радянська школа, 1989, с. 204	utility	utilities	book;classic	romanovsky-1989	
utilities/raspisanie-vstrech-krugovogo-turnira-renat-notebook.txt	utilities/raspisanie-vstrech-krugovogo-turnira-renat-notebook.md	Составление расписания встреч M участников кругового турнира	автор неизвестен		тетрадь Рената Менькова "Мои игры МК-61 (Тетрадь 2)", Рисунок (12).jpg	utility	utilities	manuscript	renat-menkov-notebook	
utilities/rasstoyanie-mezhdu-gorodami-romanovsky-1989.txt	utilities/rasstoyanie-mezhdu-gorodami-romanovsky-1989.md	Расстояние между городами	Т. Б. Романовский		Т. Б. Романовский, Микрокалькуляторы в рассказах и играх, Киев: Радянська школа, 1989, с. 205-206	utility	utilities	book;classic	romanovsky-1989	
utilities/razorvannaya-kniga.txt	utilities/razorvannaya-kniga.md	Задача о разорванной книге			https://web.archive.org/web/20010422032243/http://www.geocities.com/CapeCanaveral/Hall/5525/Tornbook/Tornbru.htm	utility	utilities		geocities-bulatov	
utilities/reshenie-kvadratnogo-uravneniya.txt	utilities/reshenie-kvadratnogo-uravneniya.md	reshenie kvadratnogo uravneniya			https://github.com/xvadim/pmk61-programms/blob/master/square-equation.pmk	utility	utilities		xvadim	
utilities/scetovod.txt	utilities/scetovod.md	Счетовод			https://xvadim.github.io/xbasoft/pmk/scetovod.zip	utility	utilities	economy		
utilities/sekundomer-renat-notebook.txt	utilities/sekundomer-renat-notebook.md	Секундомер	автор неизвестен		тетрадь Рената Менькова "Мои игры МК-61 (Тетрадь 2)", Рисунок (14).jpg	utility	utilities	manuscript	renat-menkov-notebook	
utilities/srednyaya-ploshchad-krugov-kibernetika-1986.txt	utilities/srednyaya-ploshchad-krugov-kibernetika-1986.md	Определение средней площади кругов	коллектив авторов		Кибернетика. Микрокалькуляторы в играх и задачах, 1986, с. 70	utility	utilities	book;classic	kibernetika-1986	
utilities/sum-cubes-formula-gaishtut-1988.txt	utilities/sum-cubes-formula-gaishtut-1988.md	Сумма кубов, 2-й способ			А. Г. Гайштут, Калькулятор - твой помощник и соперник в играх, 1988, с. 105.	utility	utilities	book;classic	gaishtut-1988	
utilities/sum-cubes-iterative-gaishtut-1988.txt	utilities/sum-cubes-iterative-gaishtut-1988.md	Сумма кубов, 1-й способ			А. Г. Гайштут, Калькулятор - твой помощник и соперник в играх, 1988, с. 104.	utility	utilities	book;classic	gaishtut-1988	
utilities/sum-natural-formula-gaishtut-1988.txt	utilities/sum-natural-formula-gaishtut-1988.md	Сумма 1+2+...+n, 2-й способ			А. Г. Гайштут, Калькулятор - твой помощник и соперник в играх, 1988, с. 102-103.	utility	utilities	book;classic	gaishtut-1988	
utilities/sum-natural-iterative-gaishtut-1988.txt	utilities/sum-natural-iterative-gaishtut-1988.md	Сумма 1+2+...+n, 1-й способ			А. Г. Гайштут, Калькулятор - твой помощник и соперник в играх, 1988, с. 102.	utility	utilities	book;classic	gaishtut-1988	
utilities/sum-squares-formula-gaishtut-1988.txt	utilities/sum-squares-formula-gaishtut-1988.md	Сумма квадратов, 2-й способ			А. Г. Гайштут, Калькулятор - твой помощник и соперник в играх, 1988, с. 104.	utility	utilities	book;classic	gaishtut-1988	
utilities/sum-squares-iterative-gaishtut-1988.txt	utilities/sum-squares-iterative-gaishtut-1988.md	Сумма квадратов, 1-й способ			А. Г. Гайштут, Калькулятор - твой помощник и соперник в играх, 1988, с. 103.	utility	utilities	book;classic	gaishtut-1988	
utilities/triangle-side-two-adjacent-angles-gaishtut-1988.txt	utilities/triangle-side-two-adjacent-angles-gaishtut-1988.md	Решение треугольника по стороне и двум прилежащим углам			А. Г. Гайштут, Калькулятор - твой помощник и соперник в играх, 1988, с. 101.	utility	utilities	book;classic	gaishtut-1988	
utilities/triangle-three-sides-gaishtut-1988.txt	utilities/triangle-three-sides-gaishtut-1988.md	Решение треугольника по трем сторонам			А. Г. Гайштут, Калькулятор - твой помощник и соперник в играх, 1988, с. 97-98.	utility	utilities	book;classic	gaishtut-1988	
utilities/triangle-two-sides-included-angle-gaishtut-1988.txt	utilities/triangle-two-sides-included-angle-gaishtut-1988.md	Решение треугольника по двум сторонам и углу между ними			А. Г. Гайштут, Калькулятор - твой помощник и соперник в играх, 1988, с. 99.	utility	utilities	book;classic	gaishtut-1988	
utilities/triangle-two-sides-opposite-angle-gaishtut-1988.txt	utilities/triangle-two-sides-opposite-angle-gaishtut-1988.md	Решение треугольника по двум сторонам и углу против одной из них			А. Г. Гайштут, Калькулятор - твой помощник и соперник в играх, 1988, с. 100.	utility	utilities	book;classic	gaishtut-1988	
utilities/vechnyy-kalendar.txt	utilities/vechnyy-kalendar.md	vechnyy kalendar	И. Д. Данилов, Г. В. Славин	Сергей Храмов	Five Evenings with a Microcalculator	utility	utilities			
utilities/vybory.txt	utilities/vybory.md	Выборы	Виктор Распопов		http://arbinada.ddns.net/pmk-files/magazines/%D0%9F%D0%B8%D0%BE%D0%BD%D0%B5%D1%80%D0%B8%D1%8F%201990-91%20%D0%9F%D0%9C%D0%9A.zip	utility	utilities			
utilities/weather-forecast-socrates87.txt	utilities/weather-forecast-socrates87.md	prognoz pogody	Socrates87		https://4pda.to/forum/index.php?showtopic=748847&view=findpost&p=93019265	utility	utilities			
